Name
CVRP-5-100-0

nodeCount
101

vehicleCount
5

vehicleCapacity
5912

demands
0 500 450 300 200 150 400 500 100 150 350 50 400 100 450 150 300 250 300 250 250 250 250 350 250 300 300 50 150 450 400 300 50 50 250 250 200 450 500 450 150 350 350 450 250 350 100 350 400 200 350 50 250 100 150 150 500 50 200 150 350 300 250 500 400 100 500 150 350 500 50 50 450 200 300 500 150 100 250 450 300 250 450 300 400 300 150 50 50 350 300 350 200 100 100 350 300 300 200 100 50 

c
0 570,2359160908755 48,25971404805462 84,29116205154607 770,5063270343729 1035,9193984089688 231,22499864850255 590,0076270693456 898,8843084624406 636,9756667251897 577,1698190307598 675,24365972588 679,7242087788252 760,0085525834561 177,91290003819284 780,2083055184686 300,4663042672173 704,3138504956437 1207,4439945604101 765,9569178485172 362,49137920783716 89,20201791439474 559,0939098219546 907,2695299633951 380,3682426281143 684,8948824454743 844,517613789079 492,9665303040359 955,2282449760371 701,1775809308224 504,9059318328514 477,7216762927971 752,6765573604641 203,55343278854326 326,3326523656497 234,82759633399138 876,0462316567546 84,50443775329198 917,2507835919248 821,6885054569036 744,8946234199841 169 852,8657573147136 679,395319383347 227,00220263248548 763,698893543784 215,87033144922904 520,8425865844689 465,80360668419047 306,5844092578747 539,2819299772615 97,30878685915265 70,00714249274856 28,319604517012593 548,8679258255122 461,28624518838626 828,8262785409256 299,2072860075436 212,82152146810716 911,7686109973297 505,023761817204 571,2241241404288 795,427557983755 960,6924585943204 760,000657894452 426,07511074926686 533,8108279156578 513,078941294612 596,7285815175942 184,69434208984313 1088,4851859350222 517,706480546651 206,52602741543257 64,03124237432849 738,9756423590699 752,6599497781186 596,5785782275458 522,8020657954595 915,3731479566134 591,9366520160751 628,9554833213556 924,0589808015503 454,3974031615938 719,7117478546533 676,2248146881332 292,9453874018159 267,25456029785533 471,33215464256205 831,0487350330304 158,06960492137634 1046,7330127592231 254,03149411047443 721,2662476506162 814,8545882548616 822,1587437958682 730,2739212103908 755,5799097382089 268,03917624108607 822,4189929713442 957,2653759538157 636,2020119427476 
570,2359160908755 0 614,2442510923485 490,35497346310257 220,18401395196702 535,7200761591822 417,1450587026053 572,8053770697338 575,5692834055689 292,4534150937547 462,6726704701716 574,7808277943864 110,07270324653611 190,85072700935672 416,473288459176 530,6166224309223 602,2399853878851 669,6454285664914 696,9763267141861 740,1222871931368 314,8412298286233 650,7918253942654 12,206555615733702 626,2307881284663 333,91765451979325 258,8628980754098 785,7105064844176 475,7951239766965 489,9387716847892 409,71819583709 65,36818798161687 457,083143421413 403,71400768365714 511,3443067053744 621,0072463345335 695,9403710088961 895,8415038387092 653,9189552230459 528,0700711079922 297,5987231155403 559,883023496873 631,7230405802846 811,6754277419022 354,24426600863984 394,63527465243146 570,4042426209679 582,1382997192334 266,0112779564054 651,7929118976364 375,13330963805384 115,7410903698423 563,6044712384742 638,5765420057332 579,0138167608783 261,6199533674754 109,80892495603443 372,0215047547655 352,1959681768092 365,75948381415895 830,3475176093441 138,2316895650198 177,53872816937718 383,3797073398643 464,05279872014563 400,5246559202067 343,02332282222443 326,0751447136074 85,37564055396598 406,43326635500694 448,0903926664797 629 255,72055060162842 454,61412208597307 633,7736188892687 346,5284981065771 264,48440407706465 161,4465855941215 66,76076692189807 594,8857033077867 712,0028089832231 351,3915195334116 865,6142327850207 495,21914341026843 262,8345487183905 515,5201256983087 372,90749523172633 409,9560952102066 398,5285435197835 818,6678203032045 466,00965655230794 506,15116319139287 485,73346600785084 308,6227470553653 246,4731222669117 669,0530621707071 308,1509370422229 761,246346460855 314,4932431706602 566,4838920922642 645,8266021154594 264,61292485439935 
48,25971404805462 614,2442510923485 0 124,25779653607253 816,7110872273009 1070,5606008068858 278,31277369175854 596,6992542311411 921,2513229298506 667,431644440088 593,2638536098419 685,7791189588671 724,0248614515941 803,3181188047485 226,1725005388586 799,4960912975122 290,5942188000305 708,0176551471016 1242,1529696458483 766,9921772743188 391,934943581202 41,012193308819754 603,2752274045405 926,2337717876627 406,98525771826183 733,0552503051867 846,4968989901853 505,3998417095122 987,6234100101111 725,8298698730991 548,8761244579691 491,6390952721315 779,93397156426 210,60151946270474 314,6966793596653 201,52667317256046 870,3677383726949 51,86520991955976 944,2976225745779 859,9517428321196 760,108544880269 143,75673897247393 853,1125365389961 707,096174505279 275,02908937056094 779,0308081199356 206,52602741543257 551,2621880738783 457,83184686083166 331,6941362158819 586,2866193253944 95,63472172804185 44,04543109109048 36,124783736376884 579,7283846768244 505,85571065275127 862,0812026717668 328,1249761904753 260,161488310626 914,289341510662 552,2934002864781 619,1219589063209 826,1162145848489 995,566672804991 808,0222769206305 473,44799080786055 559,9473189506313 554,6250986026507 618,0129448482451 208,75104790156144 1119,2573430628008 548,839685154053 226,11943746613204 35,05709628591621 787,2140750774214 789,1767862779543 644,2243398071823 568,317692844416 937,2432981888961 584,8657965721709 655,2343092360168 924,3592375261903 463,8642042667229 754,8152091737421 691,7636879744412 319,3305497443049 289,7999309868793 490,7555399585419 829,2315719990405 204,65825172711703 1085,223018554251 264,1685068285014 769,5193304914438 857,86071130458 832,6920198969124 762,9554377550501 754,0450914898922 307,5093494513622 841,1658576047889 977,7627524098062 684,4589103810396 
84,29116205154607 490,35497346310257 124,25779653607253 0 695,1150983829945 951,7247501247406 197,3676771915807 530,292372187268 820,9360511026422 554,1922049253309 506,21932005801597 610,0008196715804 600,2566117919902 679,1347436260348 129,0968628588627 705,1595564125895 274,0894014733149 647,6117664156512 1123,2310537017752 712,4977192945954 280,9786468755233 160,5801980320114 479,4882688867372 832,2145156148143 300,8205445111753 621,2648388569886 789,2863865543355 427,00468381506073 871,5273948649004 621,840011578541 425 410,1475344312093 671,4826877887471 156,97452022541748 301,57254516948325 257,1789260417735 831,7331302767733 168,31518053936787 836,0059808398502 737,6103307302576 674,0066765247952 184,04890654388578 799,9906249450677 598,0376242344623 182,58422713914803 692,6131676484356 195,93111034238538 438,24422414904683 429,94185653411324 229,20078533896867 467,14879856422624 96,84007434941384 154,20765220960988 88,68483523128404 466,00965655230794 382,4264635194589 744,9241572133367 218,56349191939628 146,05478424207814 855,4793977647854 434,2948307313823 504,6028141023393 712,4071869373582 876,4753276618801 706,7248403728286 382,6865558129786 453,84248368789804 430,4706726363597 520,4959173711163 113 1005,3024420541312 434,77005416656743 139,60659010233005 147,80054127099805 681,0594687690642 668,3711543745735 527,803940871987 445,862086300237 837,7977082804655 552,3513374655664 548,6164416056084 870,7559933758711 392,7467377331096 635,4919354327009 605,2974475412894 214,56001491424257 193,49418595916518 397,68454835459727 781,2457999887104 136,517398158623 962,7278950980906 197,9520143873257 660,4362194792167 733,6245633837515 756,1692932141585 646,5639952858495 705,8668429668587 184,1140950606444 747,7593195674662 880,7655760757228 576,086799015565 
770,5063270343729 220,18401395196702 816,7110872273009 695,1150983829945 0 504,12002539077935 585,0957186649035 766,3661005028863 668,8325649966515 444,6864063584584 650,1299870025994 750,0466652149051 125,57467897629681 129,5414991421668 603,1227072495282 664,8044825360311 822,4110894193974 850,4128409190445 633,4800707204607 916,9918211194689 534,1834890746811 855,1660657439583 227,79376637651873 732,3127747076381 551,6013052921467 190,87430418995638 951,1014667216111 679,935291038787 502,4868157474383 551,1533361960172 280,01785657346926 662,9042163088119 519,0163773909259 730,0205476560232 841,0214028192148 913,214104139878 1072,7539326425235 851,8761647094019 591,6460090290477 298,10736320996836 712,8001122334367 847,2219307831921 979,601959981706 495,40488491737744 569,5489443410461 719,0354650502296 801,0443183744579 461,39462502287563 866,0652400368 595,3032840493995 234,79565583715555 775,1264412984503 836,1656534443399 782,7298384500235 448,2945460297281 316,26729201736936 422,4038352098617 572,2630514020628 558,7530760541727 986,339698075668 271,28029784707917 230,28894893155424 465,63612402819433 450,0244437805573 307,4296667532267 447,6293109259044 517,6736423655352 303,19960422137757 584,5109066561547 664,4456335923956 623,6537500889416 452,3052066912341 672,7770804657364 832,4061508662703 251,67637950352037 326,5593361090753 196,7587355112855 249,899979991996 686,559538568943 916,5440524055567 513,638978271704 1025,4038228912548 705,1389933906648 355,6754138255834 682,6419266350405 593,0337258537662 629,9087235465151 604,173816049653 992,9884188649936 646,5554887246724 423,6153915995027 705,7733347187325 217,14741536569116 151,00993344810135 818,3648330665242 408,72973955903916 943,4177229626333 528,3455308791775 692,2578999188091 734,7414511241352 243,1810025474852 
1035,9193984089688 535,7200761591822 1070,5606008068858 951,7247501247406 504,12002539077935 0 937,8155468960834 689,3837828089663 342,11693907200794 412,8014050363685 589,6117366538763 611,4188417116371 468,3929973857423 392,2499203314132 919,2355519669591 440,44749970910266 929,7768549496163 702,4450156417938 171,5925406304132 740,3087193867163 682,3877197019301 1098,545401883782 547,3947387397873 410,6689664437769 674,3270719762036 689,3837828089663 729,8883476258543 675,8912634440543 104,78549517943789 409,5473110643018 585,3246962156987 672,6432932840407 338,6399267658792 898,4948525172529 934,4913054705218 1074,175497765612 869,1144918823986 1118,9146526880413 237,35627229968034 238,32121181296472 519,1579721048305 1031,341844394961 761,1051175757525 394,62007044751283 911,1865890145663 510,96868788605826 955,558998701807 524,9476164342495 877,593299883266 748,9465935565767 640,399875078064 992,9481356042721 1105,4953640789272 1034,7584259139908 495,94858604496494 629,2296877929394 211,29126815843574 745,4837355704013 864,3749186550938 730,441647224472 670,4386623696458 680,8024676806041 263,4539808012018 75,45197147855052 811,2213014954674 877,1505001993671 535,2018310880485 548,733997488765 523,2590180780452 866,5200517010555 128,1288414058287 525,4188805134432 857,0239203196139 1098,557690792796 755,794945735945 287,08883642524313 650,572824516979 602,4657666623059 348,69040709488985 855,7616490588954 450,7238622482728 774,1446893184761 723,8024592387069 316,2688729546428 542,6389223046942 758,0184694319789 793,5263070623431 634,3035550901477 793,1235717087218 972,5764751421865 130,41855696180662 850,5909710313177 720,8467243457516 353,9562119810867 580,1689409129034 310,77483810630486 780,3101947302752 770,6114455417853 434,1658669218482 373,3630940518894 732,2731730713614 
231,22499864850255 417,1450587026053 278,31277369175854 197,3676771915807 585,0957186649035 937,8155468960834 0 663,8584186406014 878,9277558479992 584,3295303165843 609,1469445051825 726,1549421438926 517,6968224743126 604,4054930259982 72,13875518748573 782,1253096531271 462,3299687452675 783,7148716210507 1105,1307614938605 853,6421967077307 354,29507476113747 319,06112267087633 404,9604919001359 905,17898782506 384,61019227264376 469,91488591020396 925,075672580357 550,5533579953899 874,0766556772924 678,5609773631254 357,53181676600474 530,347998959174 711,8658581502557 338,76392960290207 489,8407904615539 452,1736392139639 987,0086119178495 294,8219801846531 870,1126363868071 705,0624085852259 769,4004159083877 379,7472843879203 940,4536139544576 640,5318102951641 31,064449134018133 786,6060004856307 390,03204996512784 479,67072039056126 605,0223136381005 337,5574025258519 351,0128202786901 292,64312737530673 279,5174413162799 255,14897609044016 501,72203459684727 311,7434842943794 746,8400096406191 311,87818134649945 102,61578825892242 987,6644166922285 314,2005728829914 365,37378121589404 731,4711204141965 863,1483070712703 532,024435529046 195,25624189766637 517,0348150753487 389,08225351460067 600,5414223848343 270,542048487846 1013,6986731766003 472,34415419268186 298,9180489699476 279,1146717748818 515,228104823485 651,8481418244589 395,2176615486712 356,046345297912 897,4837045874426 719,723558041558 602,2640616872303 1009,0837428082964 529,4298820429387 630,6568004866039 703,2901250550871 321,51205265121865 323,37284981890485 498,40244782705474 927,9552790948495 74,00675644831355 921,8052939748177 363,8969634388284 501,32823578968697 660,1946682608093 865,3611962643114 656,9878233270385 854,2564017904695 220,95248357961492 825,0733300743638 945,2375362838698 416,45407910116575 
590,0076270693456 572,8053770697338 596,6992542311411 530,292372187268 766,3661005028863 689,3837828089663 663,8584186406014 0 404,02227661355505 339,27127788835884 118,45674315968678 101,25709851659784 641,312716231325 664,9887217088723 599,65323312728 270,4144966528237 331,15706243412654 119,87076374162301 841,0196192717505 190,51771571168914 324,5196450139806 602,1727326938675 572,0847839262988 377,6095867427097 292,3302926485724 827,2605393707595 261,6811036357039 115,10430052782563 585,0555529178405 283,38842601630716 543,4013249891833 136,34148304899725 353,4076965771968 387,1860018130821 319,631037291437 489,1553945322488 335,3356527421443 646,977588483558 476,1386352733834 589,1663602073696 200,11246837716035 484,10329476259506 276,6965847277483 316,26729201736936 634,1774199701531 217,27632176562636 400,6906537467526 307,7661449867415 206,49455198624491 326,31426570102633 654,5242547071881 501,15466674470866 640,7261505510759 571,2836423353989 318,15876539866065 542,4573715970685 500,9530916163708 352,95325469529246 561,7419336314497 326,16713507035007 648,6740321609923 723,2993847640132 434,99195394857594 630,835160719502 963,8931476050652 762,7273431574353 249,20072231034965 492,0254058481127 190,3943276465977 418,18297430670225 674,9496277501011 317,71842880135233 390,7172890978847 631,7507419861096 913,7264360846741 507,9468476130155 721,002773919768 593,0134905716733 413,1646161035574 168,57639217873896 271,8124353299532 345,3259329966401 137,7679207943562 461,2548102730203 150,45597362683876 342,34777639120136 345,1289614042844 184,66456075814872 267,36678926149375 640,7846752224963 769,9279187040823 336,0729087564185 877,4793444862391 694,8417085926837 240,96887765850593 425,0423508310672 197,87369708983556 449,0345198311595 300,0833217624732 437,3213921133975 818,8491924646443 
898,8843084624406 575,5692834055689 921,2513229298506 820,9360511026422 668,8325649966515 342,11693907200794 878,9277558479992 404,02227661355505 0 300,7341018241862 341,07183993991646 308,1379561170613 572,8699677937394 539,6072645915731 835,9724875855665 134,3800580443393 707,6022894253523 381,6084380618437 461,2678180840281 407,3389252207552 542,8342288397075 938,9366325796433 583,0308739680944 71,58910531638176 520,3124061561477 812,5872260871445 389,00514135419854 437,23334731010624 245,94308284641795 201,42740627829173 592,0819200076962 443,7623237725348 174,42763542512407 718,699519966446 703,5978965289763 865,4646151056668 528,0340898086032 973,0046248605399 105,99056561788883 382,57678967757573 206,39040675380238 841,7184802533445 420,01071414905596 240,00208332429116 848,2694147498188 192,02343606966312 757,9109446366374 399,32192526832284 609,4932321199309 592,4229907760164 690,4056778445554 829,9457813616501 962,6567404843743 888,7434950535503 377,6413642597961 621,4064692292799 251,745903640953 602,9543929684897 783,7576155929842 388,6450823051798 706,2719023152486 752,6486564128046 203,57799488156869 313,38315206788 953,7651702594303 892,058854560617 368,89700459613385 536,1277832755918 303,4007251144928 714,4403404063911 285,49080545614777 406,5968519307546 695,1560975780907 954,3233204737271 896,1841328655624 342,81190177705327 732,8198960181144 631,8172204047623 19,4164878389476 555,4277630799527 277,5103601669675 432,3794629720519 487,0010266929629 321,54937412472134 256,7041098229633 606,5410126281652 632,113913784533 431,58429072430334 453,6353160855094 887,9893017373577 458,44628911138545 664,669090600729 857,1767612342276 535,571657203777 241,19701490690136 270,38676003088614 448,8295890424338 667,6900478515462 106,47065323364932 70,3420215802759 833,8465086573187 
636,9756667251897 292,4534150937547 667,431644440088 554,1922049253309 444,6864063584584 412,8014050363685 584,3295303165843 339,27127788835884 300,7341018241862 0 221,19900542271884 306,8941185490527 325,3136947624554 331,54939300200806 547,6869543817892 238,27085428142487 519,6479577560177 408,6269692519083 582,6019224135808 473,2060861823313 275,5104353740526 692,4485540457139 297,43570733857763 341,02199342564404 263,50332066218823 547,0767770615016 506,8569818005864 283,98943642325855 322,07607796916557 117,33712115098103 296,65468140583926 275,056357861439 128,2497563350512 486,52235303221164 526,479819176386 661,4786466697168 628,5196894290584 717,5047038173338 286,96515467910035 255,14309710435043 271,56214758320056 619,0581555879868 535,0607442150845 63,245553203367585 554,2309987721726 280,30340704315387 542,7577728600485 116,21101496846157 490,51095808350703 339,0634158973805 402,0808376433774 584,9008462979003 705,0907742978914 632,3701447728221 88,19297024139736 322,2561093292104 201,63581031156147 339,3302226445502 493,69727566596924 545,134845703336 413,0435812356851 468,47945525924615 158,68522300453813 340,84600628436294 689,9949275175869 592,0354719102564 124,35433245367851 239,0983061420553 148,94629904767692 459,80213135652167 451,83404032896857 119,47384651043926 447,6393637740095 697,5514317955343 634,3004020178452 171,74690681348528 453,894260814124 340,3527581789224 319,97812425226823 503,572239107757 70,00714249274856 582,8250166216271 326,3694225873496 124,67958934805648 238,04621400055913 349,521100936696 383,344492591194 227,69277546729498 548,4997721056956 600,9658892150203 459,5737155234185 437,9063826892684 595,503988231817 356,79966367697153 379,8644495079791 103,58571330062848 501,48280130030383 383,46968589446544 275,1817581163403 370,06080581439585 557,0466766797914 
577,1698190307598 462,6726704701716 593,2638536098419 506,21932005801597 650,1299870025994 589,6117366538763 609,1469445051825 118,45674315968678 341,07183993991646 221,19900542271884 0 121,70866854912184 525,594901040716 546,8400131665568 551,7245689653489 210,38060747131613 366,705603993176 207,6174366473105 748,3060871060718 279,32955446926843 255,3918557824427 606,620144736391 463,0172782953137 334,970147923662 224,5551157288562 719,9611100608143 334,2528982671654 96,21330469326995 487,0256666747657 180,23595645708434 439,2413914921953 103,75451797391764 251,01593574910737 384,90648214858635 363,78565117387467 524,397749804478 433,9700450491946 645,0457348126565 393,3293785111913 473,10569643579646 167,87197502859135 502,7325332619722 356,70856451731015 203,39370688396434 578,3467817840781 186,59314028120113 418,35989291517893 196,8146336022807 288,05555019822134 281 551,5886148208644 499,0751446425678 636,2342335964012 563,1740405949124 203,2953516438583 444,0585546974633 392,2269751049767 300,9584688956269 506,8747379777375 389,23643200502187 549,5179705887697 620,8655248924682 328,89207956410263 526,6355476038434 858,972642172031 682,9238610562674 136,60527076214885 385,0519445477454 73,00684899377592 394,1433749284643 590,0211860602973 207,2510554858527 370,66966425646433 627,5388434192739 807,1678883602841 391,0626548265636 615,7052866428872 488,83637344207517 354,45874231001835 283,0017667789373 155,0290295396317 418,0071769718793 146,21901381147393 344,14531814336806 99,14131328563285 297,0151511286924 312,7459032505462 111,44954015158609 358,50383540486706 598,4755634109049 661,3962503673573 330,49205739321485 770,0973964376194 576,3861552813356 256,30060475933334 310,4528949776439 298,6000669792289 388,329756778952 250,10797668207226 389,59722791621607 715,8281916773046 
675,24365972588 574,7808277943864 685,7791189588671 610,0008196715804 750,0466652149051 611,4188417116371 726,1549421438926 101,25709851659784 308,1379561170613 306,8941185490527 121,70866854912184 0 627,943468793171 638,3486508170907 666,2649623085398 177,56407294269863 429,6347285776605 102,48902380255166 755,8604368532593 167,05687654209268 374,4142091320787 694,1015775806881 576,2117666275134 277,2435752186153 342,83815423607683 833,4560576299149 213,65392577717827 183,0027322200409 506,6448460213525 221,7746604100658 556,3056713714143 200,3596765818911 286,0069929215018 475,1841748206689 419,4865909656708 588,430114796991 323,1361941968123 736,8371597578396 388,1043674065006 539,786995026742 101,83319694480774 579,7283846768244 237,6930794112441 267,3275144836386 695,6004600343505 117,6860229593982 495,485620376616 311,96954979612997 306,86316168611705 392,3111010409978 668,7847187249422 590,2143678359583 729,5950931852543 658,4010935592377 313,16768671112925 563,6851958318579 437,0411879903312 415,1782749614917 623,574374072572 267,52943763257156 668,4915855865353 738,0819737671419 369 558,4048710389263 973,9656051421939 804,6030077000706 252,1269521491108 500,66355968853975 168,51409436602032 497,0010060351991 585,7798221174916 322,5926223582926 471,1528414431988 720,6899472033726 921,0238867695018 463,246154868014 731,1607210456535 605,6071333793881 315,8005699804863 248,71871662583015 237,03375287076733 296,8113879216901 221,93918085818015 418,6800687876126 73,55270219373317 408,57924567946424 418,74694028732915 228,35936591258962 244,40130932546168 711,0668041752476 701,9287713151527 422,0924069442614 883,3555343122043 661,0370640138116 146,98639392814562 374,99066655051564 194,79476378999513 506,1748709685221 202,4080037943164 337,2906758272455 832,4235700651442 
679,7242087788252 110,07270324653611 724,0248614515941 600,2566117919902 125,57467897629681 468,3929973857423 517,6968224743126 641,312716231325 572,8699677937394 325,3136947624554 525,594901040716 627,943468793171 0 87,65842800324451 522,7332015474051 553,5431329173906 704,82125393606 727,4647757795562 619,5256249744639 795 414,6383966783588 760,7483158049054 120,7683733433551 631,9058474171608 430,0290687848904 241,2343259156955 832,0006009613214 554,3978715687858 441,63786069584205 436,3312961500699 175,30829986055994 537,4616265371882 412,20019408049774 618,589524644574 722,2811087104521 804,0478841462118 951,0415343190854 763,1736368612322 507,4031927372945 235,00851048419503 596,1384067479631 740,7361203559605 859,9075531706882 379,82759246795115 497,2775884754912 603,669611625432 689,0029027515051 335,83626963149766 741,9070022583693 478,2896611886985 178,88543819998318 673,5176315435253 747,7593195674662 688,8867831509035 323,154761685481 218,4902743830947 339,84113935778873 457,19361325372864 473,36244041960066 870,0028735584727 213,3541656495134 212,4241040936739 370,29717795305976 402,54813376787627 381,0301825315155 416,63533215511137 392,3786436594122 184,83776670366908 461,17241894978935 557 575 326,73077602209435 562,4464418946927 743,1049723962288 323,37284981890485 233,62362894193728 182,4636950190366 162,0524606416083 591,4735835183174 790,9740830141023 392,91729409635303 908,0638744053196 580,1120581404941 251,76576415390556 562,0756176885811 477,45994596405677 515,228104823485 478,7702998307226 871,7367721967452 570,852870711885 418,7421641057896 590,444747626736 284,42925306655786 142,90206436577463 703,3775657497188 304,27126055544585 820,3730858578919 424,3229901855425 584,1266985851614 641,3548159950153 271,5879231482873 
760,0085525834561 190,85072700935672 803,3181188047485 679,1347436260348 129,5414991421668 392,2499203314132 604,4054930259982 664,9887217088723 539,6072645915731 331,54939300200806 546,8400131665568 638,3486508170907 87,65842800324451 0 607,0798958950955 540,8308423157836 764,0215965533959 740,1763303429798 536,9916200463467 804,1946281839987 473,6253793875493 839,1007090927764 202,5660386145713 603,7226184267076 484,65348446080526 299,29584026511293 833,312066395297 589,0543268663765 378,375474892335 430,80506032311183 255,63450471327224 574,1437102328998 393,41199778349414 685,9365859902795 779,5293451820785 872,4729222159276 958,8597394822665 843,9774878514237 462,33537610699875 171,09354166653983 593,0944275577035 811,7253230003361 862,5572444771419 376,46380968162134 583,3669514122307 598,0008361198168 755,2489655736048 370,4726710568541 785,5354861494164 540,3785710036992 265,9398428216426 748,3007416807764 828,7267342133956 767,8001041937933 352,0127838587684 300,6559495503124 292,97098832478275 522,1206757062969 556,6075816946801 865,2727893560505 300,83217912982644 293,6800980659057 336,7432256185713 331,27179173603054 429,6836045277967 502,8130865440954 421,19947768248716 252,77064703006954 477,51439768869795 628,4051241038698 505,47898076972496 362,86223281019477 631,3049976041691 823,7432852533609 372,4003222340174 198,17164277464119 261,69638897011936 248,3646512690564 557,2261659326489 822,5448316049406 401,5420276882608 905,2734393540992 620,3563492058415 230,67292862405853 568,4197392772352 541,4979224336877 579,937927712958 516,7097831471744 878,4514784551279 656,0678318588712 333,2161460673837 653,6336894622247 335,2014319778482 55,86591089385369 696,557248185675 283,0989226401259 833,0186072351565 499,55380090636885 566,3920903402518 605,2602745926747 340,05293705539435 
177,91290003819284 416,473288459176 226,1725005388586 129,0968628588627 603,1227072495282 919,2355519669591 72,13875518748573 599,65323312728 835,9724875855665 547,6869543817892 551,7245689653489 666,2649623085398 522,7332015474051 607,0798958950955 0 732,9856751669844 390,23198228745935 719,461604256961 1088,7873988984259 788,5080849300151 300,01499962501873 267,0805122055894 404,6047453997543 857,86071130458 328,54984401152893 507,5509826608555 861,3042435748241 487,7632622492186 849,2926468538392 634,6124801798338 352,9036695757073 468,10789354592174 673,2792882600801 266,62520511009456 417,73197148410844 386,1204475290062 919,2442548093516 252,4836628378161 834,6520233007286 691,841744909918 715,0643327701362 313,0814590485997 875,6763100598303 600,6005328002965 53,48831648126533 732,7434748941815 318,6989174754128 437,7761985307104 533,6215887686704 274,5632896073326 368,95799218881274 225,78751072634643 236,68122020980033 198,00252523642217 462,03138421540154 307,0439707924583 721,4055724763983 251,20509548972132 55,00909015790027 924,8702611718035 333,36166546260233 395,4870415070512 700,0242852930176 843,9484581418465 583,2478032534714 254,18300493935467 469,26005583258416 374,42355695121535 549,0737655361072 199,01004999748127 987,5854393418323 431,5101389307093 227,62249449472256 234,29255216502295 561,1559498036174 632,1471347716448 422,2380844973603 361,4318746319976 854,1059653228046 649,4690138874987 558,4639648177848 944,9243355951841 463,74561992540697 606,5014427023236 647,8556938084283 258,3060200614767 256,08201811138554 440,3237445334966 861,8149453333934 53,71219600798314 913,1993210685168 292,61749776799064 543,3985645914056 662,8401013819246 807,8527093474404 627,781012774359 787,615388371761 168,7601848778319 776,0837583663248 900,6320003197754 458,31212072123947 
780,2083055184686 530,6166224309223 799,4960912975122 705,1595564125895 664,8044825360311 440,44749970910266 782,1253096531271 270,4144966528237 134,3800580443393 238,27085428142487 210,38060747131613 177,56407294269863 553,5431329173906 540,8308423157836 732,9856751669844 0 575,3477209479498 262,24606765402604 579,3323743758845 302,2002647252315 433,94124026185847 814,8324981246145 535,706076127572 127,09445306542689 408,0012254883556 783,2981552384762 305,8512710452582 305,81203377238114 336,4312708414603 120,93386622447825 532,7522876534647 314,058911671043 148,71785366928881 593,3877315887142 570,4454399852802 733,8726047482628 442,2239251781839 851,3612629195669 211,2439348241743 409,7767684971904 79,07591289387686 713,0610072076582 336,964389809962 176,67201249773547 751,0958660517312 71 628,7328526488814 308,7588055424493 475,29780138351157 476,0556690136144 640,0078124523169 706,4729294176813 841,7992634826904 768,1516777303816 293,73627627516487 554,1479946729032 289,167771371569 490,2448367907611 683,1237076840475 327,22622144320894 649,5182830375139 706,7121054573779 222,73302404448245 394,06217783491985 926,2969286357372 819,1123244097845 265,1207272168662 474,68410548490033 185,28356645962967 595,6148084122825 408,27074350239695 317,90721916936707 574,3587728937375 833,261663584735 870 346,4130482530934 692,0122831279804 577,820906509967 145,57815770231468 426,27925119573905 188,6001060445089 368,95799218881274 355,00985901802784 310,16124838541646 122,3315167894194 491,0824777977728 513,078941294612 309,01294471267704 362,62515081003414 783,3013468646661 540,5783939448561 539,014842096208 831,0054151448112 550,6114782675712 158,7765725792064 258,00193797721755 341,03665492143216 564,4289149219767 43,104524124504614 179,3376703316958 795,121374382553 
300,4663042672173 602,2399853878851 290,5942188000305 274,0894014733149 822,4110894193974 929,7768549496163 462,3299687452675 331,15706243412654 707,6022894253523 519,6479577560177 366,705603993176 429,6347285776605 704,82125393606 764,0215965533959 390,23198228745935 575,3477209479498 0 430,88977708922266 1096,6006565746711 483,7540697503226 290,76450952617995 285,0982286861846 595,0411750458954 695,9497108268671 280,3711825420009 805,4594961883558 564,2144982185409 270,4958410031474 833,0096037861748 534,7990276730129 545,2063829413592 266,05638500137525 601,2270785651624 124,2014492669067 27,586228448267445 159,29846201391902 580,0387918062032 335,5964838909967 755,9371667010427 760,7916929094323 519,2494583531118 158,07909412695912 568,0316892568583 536,6134549189015 440,59278251010875 537,9107732700656 84,75848040166836 418,226015450976 167,28717822953436 227,1079038695043 629,5180696374013 203,15757431117353 333,2041416309227 275,1908428709066 445,6007181322759 517,4214916294065 720,1090195241273 251,2866888635369 379,969735636932 632,4634376784163 606,1988122720136 685,9365859902795 667,4346409949067 859,6243365563821 916,8451341420753 625,974440372768 395,4971554891388 520,3172109396344 416,5585192983094 198,25236442474022 948,6031836337047 421,54477816715985 174,42763542512407 324,3763246601083 879,9869317211478 678,8851154650542 699,2009725393694 584,8914429191112 720,5137056295321 294,37561040276415 480,21349418774145 639 220,60145058453264 635,0787352761861 455,58753275303746 230,17601960239037 195,35864454894235 295,80060851864386 541,6733332923081 409,6852450357469 977,2256648287539 120,41594578792295 851,6930198140642 810,8884016928594 572,081287930308 623,2335035923534 467,1541501474647 320,4886893480018 612,7389329885934 753,0956114597933 773,654315569945 
704,3138504956437 669,6454285664914 708,0176551471016 647,6117664156512 850,4128409190445 702,4450156417938 783,7148716210507 119,87076374162301 381,6084380618437 408,6269692519083 207,6174366473105 102,48902380255166 727,4647757795562 740,1763303429798 719,461604256961 262,24606765402604 430,88977708922266 0 839,6862509294766 72,80109889280519 441,9434352946087 710,4906755193906 670,2984409947558 336,1547262794322 409,69500851242987 927,4119904335937 142,12670403551894 234,04700382615454 598,1078498063706 323,24603632527345 646,7426072248526 254,95097567963924 385,33102652135346 500,78338630589576 414,87950057817994 583,8099005669568 226,37358503146962 757,3196154860905 472,2171110834507 641,6930730497253 183,30848316430968 587,9328192914561 157,07959765672945 369,7783119654261 754 192,81597444195333 506,8273867896249 404,2190000482412 280,95729212818094 446,1614057714988 759,0026350415392 613,0293630814107 752,0325790815183 684,3537097145014 408,72729294726577 650,2007382339704 536,2098469815712 472,61929710920606 681,5577745136504 207,8942038634074 756,0720865102745 828,2421143602878 467,9626053436321 653,2258414974104 1066,5894242865902 879,2690145797246 343,91859501922835 592,6617922559207 266,3400082601185 536,2182391526793 665,9804801944273 414,71194822430664 508,32765024145596 743,0329736963225 1014,6925642774761 565,6368092689867 823,3225370412255 696,3677189531404 385,3336216838598 186,07794065928394 338,6399267658792 225,47061892849808 256,6028059082753 521,1612034677946 175,3909917869216 462,20882726317546 464,5783034107383 298,4292210893565 151,85519418182574 760,2368052126916 798,3032005447554 451,45320909259243 977,5157287737113 763,4408948962584 163,3431969810803 477,15196740661145 93,02150289046077 568,317692844416 276,08150970320344 396,02146406476504 923,3228037907436 
1207,4439945604101 696,9763267141861 1242,1529696458483 1123,2310537017752 633,4800707204607 171,5925406304132 1105,1307614938605 841,0196192717505 461,2678180840281 582,6019224135808 748,3060871060718 755,8604368532593 619,5256249744639 536,9916200463467 1088,7873988984259 579,3323743758845 1096,6006565746711 839,6862509294766 0 868,6063550308621 853,6913962316828 1270,0748009467789 708,9351169183257 520,7043306906521 845,0781028993711 823,8215826257527 846,2369644490839 837,9289946051515 263,6512848442048 568,5252852776207 749,9819997839949 836,213489486985 498,62310415783986 1068,9550972795817 1100,1718047650559 1243,1110167639895 983,766232394668 1290,4890545835715 368,0896629898753 400,7056276120913 658,0919388656877 1201,6297266629183 876,5300907555884 560,0223209837266 1079,1037948223516 647,0123646422841 1125,0195553855942 695,8060074474781 1035,8426521436545 919,9461940787625 796,2738222496077 1164,3135316571736 1277,048158841318 1206,3502808057037 666,8110676945906 794,7439839344491 381,8481373530582 916,8914875818185 1034,054157189071 835,4046923497617 828,2149479452783 830,469746589242 429,23653153011105 246,75696545386515 934,0085652712185 1034,4703959031403 703,6909833158302 716,436319570693 685,2065382058172 1037,9523110432385 177,02259742756007 696,5292527956022 1028,1682741652749 1270,126371665434 881,4136372895532 457,1389285545479 798,6845434838464 763,3092427057333 461,8062364238924 1003,8824632395966 616,4186888795634 878,1844908673803 886,784077439373 487,7396846679589 691,3298778441447 929,2254839381021 964,497796783383 800,8002247751932 912,4039675494622 1141,944394443092 210,1927686672403 1020,4709696997754 849,3574041591678 490,5965756097366 701,655185971001 481,5443904771397 910,0549433962765 941,8290715411157 564,1630969852602 470,61236702832196 872,0481638074815 
765,9569178485172 740,1222871931368 766,9921772743188 712,4977192945954 916,9918211194689 740,3087193867163 853,6421967077307 190,51771571168914 407,3389252207552 473,2060861823313 279,32955446926843 167,05687654209268 795 804,1946281839987 788,5080849300151 302,2002647252315 483,7540697503226 72,80109889280519 868,6063550308621 0 514,1692328407058 767,0026075574972 741,0802925459562 352,27829907617075 481,9232304008596 998,3331107400976 80,62257748298549 305,486497246605 637,3138944036917 380,13155617496426 718,5596704519396 326,58842600435185 437,36026339849394 562,6259858911602 465,2794859006788 631,4570452532777 156,1569723067145 815,2968784436747 505,2256921416408 697,9641824621089 226,86119103980744 641,7982549056985 87,55569655939013 430,07441216608083 824,1601786060766 231,26175645791503 563,0008880987667 475,3535526321435 324,59359205012044 516,3099844085915 830,918166849179 672,8603123977517 810,8446213671273 744,9295268681461 478,70032379349817 722,656903378083 586,5807702269143 543,3240285501829 751,7692465111884 148,86235252742716 828,4352720641486 900,1938680084419 518,5219378194138 696,2327197137463 1137,98462204021 951,8035511595867 415,06144123490924 664,0632499995764 334,91043578843585 602,2242107388245 692,567686222798 485,8991664944487 573,917241420747 801,8541014424009 1085,7370768284557 624,5678505975152 894,7893606877543 768,1380084333804 407,70822900697016 211,00947846009194 403,59509412281017 158,31929762350515 324,7845439672276 581,3441321626976 235,8686074915439 532,2339711066929 532,8461316365166 371,1280102606108 79,2464510246358 828,1473298876233 842,7692448114134 515,1019316601327 1048,3725482861519 825,0490894486219 169,24833824885843 535,0756955796068 42,15447781671598 639,5506234849591 306,67409411295245 409,46428415675035 995,1406935705122 
362,49137920783716 314,8412298286233 391,934943581202 280,9786468755233 534,1834890746811 682,3877197019301 354,29507476113747 324,5196450139806 542,8342288397075 275,5104353740526 255,3918557824427 374,4142091320787 414,6383966783588 473,6253793875493 300,01499962501873 433,94124026185847 290,76450952617995 441,9434352946087 853,6913962316828 514,1692328407058 0 417,306841544684 308,76852171165376 559,7803140518608 32,2490309931942 540,1897814657364 580,1120581404941 209,72362766269327 596,4436268416321 342,24260401066374 262,8193295783246 188,3454273402994 390,50992304933817 221,23742902140225 307,6507760432273 406,0738849027354 658,8330592798148 442,15947349344447 555,0504481576427 486,11521268110914 415,56226970214703 353,62833596871167 598,588339345163 317,08989261721985 323,37284981890485 433,04041381838715 286,35642126552705 159,40200751558933 344,11771241829445 69,35416353759881 361,00554012369395 310,65253902068787 429,959300399468 356,9677856613955 188,04254837669055 244,19049940568942 472,1493407810711 63,8200595424354 252,55692427648862 639,7702712693049 345,77015487170087 425,31517725094176 434,1946568072896 608,1529412902646 666,2469512125365 438,2921400162225 174,04022523543227 231,01947969814148 249,28898892650673 184,62935844550833 727,3238618387272 157,49285698088025 174,9771413642365 422,30320860727545 621,8239300638083 408,63308725554765 431,3722290551398 307,5613759885984 560,2606536247214 424,6610413023545 268,0242526339734 664,6389997585155 206,20620747203515 369,7742554586514 349,0444097819073 75,92759709091287 113,1591799192624 146,18481453283715 591,7989523478392 349,516809323958 709,3729625521402 181,64801127455263 589,1731494221372 521,5093479507342 511,27781097951043 372,54261501202785 521,8515114474615 133,3604139165742 477,0335417976392 605,0198343856175 519,4121677434982 
89,20201791439474 650,7918253942654 41,012193308819754 160,5801980320114 855,1660657439583 1098,545401883782 319,06112267087633 602,1727326938675 938,9366325796433 692,4485540457139 606,620144736391 694,1015775806881 760,7483158049054 839,1007090927764 267,0805122055894 814,8324981246145 285,0982286861846 710,4906755193906 1270,0748009467789 767,0026075574972 417,306841544684 0 639,9851560778578 941,0297551087319 430,0151160133792 773,6795202149273 847,0850016379702 516,2024796530911 1013,7504623920031 745,8532027148506 585,4579404192926 503,7628410274025 802,0155858834664 221,713779454503 307,1677066359678 175,88916964952674 864,3807031626748 53,665631459994955 965,9151101416728 891,2625875688938 772,1223996232721 129,52219886953742 852,2118281272561 729,7156980632936 316,0395544864598 791,0910187835531 204,02205763103166 576,6003815468735 451,73886261865937 354,2386201418473 625,6021099708664 109,17875251164945 58,05170109479997 72,44998274671983 605,3304882458838 543,0064456339354 889,0950455378772 353,63823322712153 300,0166662037294 915,1770320544545 591,8868135040685 659,3891112234111 851,0052878801636 1023,8188316298933 849,0288569889718 514,2616065778195 581,743070435738 589,132412959939 635,5737565381378 232,69937687926884 1143,858819959876 574,7703889380524 246,34934544260514 51,73973328110612 828,176309731207 819,0689836637694 684,193686027575 606,2449999793813 954,4804869666011 578,6968118108134 676,8116429258587 923,3385078074022 472,5082009870305 783,5559967226337 704,2648649478405 343,0014577228499 310,9372927134987 507,41009055792335 826,637163452019 245,27739398485136 1116,5558651496126 276,1322147088239 810,3542435256325 893,3381218777132 840,5629066286473 789,6359920874935 751,9108989767338 341,15685541990797 855,949764881094 993,769591001858 725,3151039375921 
559,0939098219546 12,206555615733702 603,2752274045405 479,4882688867372 227,79376637651873 547,3947387397873 404,9604919001359 572,0847839262988 583,0308739680944 297,43570733857763 463,0172782953137 576,2117666275134 120,7683733433551 202,5660386145713 404,6047453997543 535,706076127572 595,0411750458954 670,2984409947558 708,9351169183257 741,0802925459562 308,76852171165376 639,9851560778578 0 632,8506932918696 328,70959827787203 257,2877766237642 787,7182237323192 473,66021576653446 500,77639720737636 414,77222664976017 54,62600113499065 454,686705325766 410,6044325138247 502,7325332619722 614,1376067299575 686,9133860975487 896,6074949497132 642,6795468972075 537,0707588390937 309,3638634359223 563,434113273238 622,2740553807462 813,4137938343558 359,64982969549703 382,50751626602056 574,276936677767 573,6357729430758 266,20480837129895 647,3275832219728 368 107,44766167767449 553,4880305842214 627,309333582723 568,1197056959035 263,1387466717891 98,22932352408826 382,1583441454602 344,52430973735363 354,0692022754874 833,1146379700696 128,00390619039717 171,29214809792072 392,16450629805854 475,5502076542497 398,11681702736445 331,93071566216946 326,44141894067303 81,70679286326198 408,1041533726409 438,75505695091425 640,0078124523169 255,80070367377803 445,7947958422126 622,5640529294958 344,814442852964 274,96363395911106 157,20050890502867 55,31726674375732 602,3769583906742 709,454015423128 355 868,0144008021987 491,9400369963803 272,0606550017845 517,9285665031424 365,3505166275258 402,12062866756787 396,31300760888485 819,7804584155443 454,0176208034221 518,3396569817903 478,00627610942513 307,2930197710322 258,25955935840983 672,63437319245 316,5469949312424 761,609479983016 304,54063768239536 572,0428305642856 653,333758503263 260,2786967848118 
907,2695299633951 626,2307881284663 926,2337717876627 832,2145156148143 732,3127747076381 410,6689664437769 905,17898782506 377,6095867427097 71,58910531638176 341,02199342564404 334,970147923662 277,2435752186153 631,9058474171608 603,7226184267076 857,86071130458 127,09445306542689 695,9497108268671 336,1547262794322 520,7043306906521 352,27829907617075 559,7803140518608 941,0297551087319 632,8506932918696 0 534,4623466625128 869,6165821786059 325,5764119219941 428,87993657899176 316,6591227171578 229,71286424577968 637,146764882315 438,63424398922615 222,80035906613796 719,4053099609426 689,2205742721267 855,0988246980579 463,62161295608297 978,0966209940611 176,77386684688435 450,6994564008259 178,21896644296868 837,2365257201814 356,0252800012943 277,94963572561124 874,2288030029667 160,4306703844374 752,6712429739827 427,56636911712314 583,949484116563 603,0754513325841 739,5843427223159 832,91356094135 968,655253431271 895,064243504342 409,26519519744164 663,1297007373445 320,09529830973776 616,8865373794439 807,2552260592681 320,0312484742701 752,9575021208036 803,7692454927595 267,0748958625651 384,6348918130023 1011,7079618150684 931,9624455953148 388,7415593938986 579,937927712958 312,0208326378224 722,6963401041962 343,70045097439134 435,96559497281436 701,3251742237691 960,0927038572889 954,3903813429806 405,7647101461634 785,7353243936535 679,2996393345134 61,98386886924694 517,228189487 304,7244657063164 363,67155511532656 477,0167711936342 380,248602890267 240,50363822611914 618,0428787713681 640,1663846219981 436,0045871318328 391,7397095010921 908,6693568069741 529,1200241911092 664,9887217088723 915,290664215472 602,4964730187223 183,14202139323461 327,6492026543022 394,3513661698156 689,1190027854406 85,09406559801923 60,440052945046304 887,8203647134932 
380,3682426281143 333,91765451979325 406,98525771826183 300,8205445111753 551,6013052921467 674,3270719762036 384,61019227264376 292,3302926485724 520,3124061561477 263,50332066218823 224,5551157288562 342,83815423607683 430,0290687848904 484,65348446080526 328,54984401152893 408,0012254883556 280,3711825420009 409,69500851242987 845,0781028993711 481,9232304008596 32,2490309931942 430,0151160133792 328,70959827787203 534,4623466625128 0 565,8524542670112 547,9507277118993 177,62882648939615 585,5672463517747 321,0763149159402 285,3383955937231 156,236999459155 372,9798922194064 224,4504399639261 294,93219559756443 405,4232356439379 626,8053924464913 457,961788799022 537,4318561455024 485,8847599997349 386,51778743028115 357,49825174397705 566,3532466579493 300,12330799189857 353,79372521287036 404,2425014765271 285,3769437077915 149,40214188558343 319,75146598569336 75,8023746329889 386,9431482789171 321,8089495337257 446,4179655883038 372,7868023414992 178,39282496782207 270,135151359463 463,246154868014 82,71033792700887 282,44822534404426 607,7910825275409 373,36978988664845 452,3593704125073 421,5269860874865 600,841077157679 693,8508485258197 470,425339453563 153,44705927452634 248,93774322107123 222,76669409945464 198,25236442474022 714,0028011149536 149,6262009141447 184,28510520386612 438,47462868448844 648,463568753095 406,3065345278119 457,0098467210526 331,58106097906136 537,3602143813775 395,50600501130197 248,65437860612872 632,4752959602454 176,02556632489498 365,37788657771836 319,41195970094793 87,70974860299168 119,85407794480753 114,48143954370944 559,580199792666 377,01193615056803 707,1421356417676 179,38784797192923 615,1788357867979 530,6938853991065 480,7546151624548 363,5876785591063 489,75197804603096 163,783393541592 451,0088690923938 581,1376773192391 546,9963436806502 
684,8948824454743 258,8628980754098 733,0552503051867 621,2648388569886 190,87430418995638 689,3837828089663 469,91488591020396 827,2605393707595 812,5872260871445 547,0767770615016 719,9611100608143 833,4560576299149 241,2343259156955 299,29584026511293 507,5509826608555 783,2981552384762 805,4594961883558 927,4119904335937 823,8215826257527 998,3331107400976 540,1897814657364 773,6795202149273 257,2877766237642 869,6165821786059 565,8524542670112 0 1044,571203891817 724,925513414999 676,6461409037962 663,205096482227 284,8596145472362 705,0624085852259 647,7507236584148 695,4631550269216 828,2439254229397 865,2797235576481 1153,7634072893802 759,2759709091287 748,6013625421743 468,53068202626815 817,2056044839634 794,0100755028238 1070,5087575540892 606,8055701787847 463,0259172011865 826,9927448291188 765,4051214879607 523,1978593228379 884,2850219244924 586,8602900179906 179,20379460268134 712,4745609493717 743,5388355694678 702,7268317063182 520,3124061561477 296,00675667964066 580,5945228815029 558,5194714600378 475,53128183117457 1088,7446899985323 199,2636444512646 119,94165248152953 610,9418957642372 630,4641147599124 143,0034964607509 296,5889411289639 583,4937874562162 335,41168733364077 665,2232707895898 621,9011175420093 804,7167203432522 512,7231221624396 637,824427252516 741,5935544487965 87,68124086713189 474,8578734737374 108,85311203635843 235,92583580439003 831,387394660275 957,8235745689286 608,9811162917944 1124,3318015603757 737,9566382925219 491,04378623499554 774,282248279011 579,5601780660918 611,020457922646 647,7846864506755 1077,0631364966493 540,3785710036992 614,2320408445004 685,0437942204863 50,21951811795888 336,0133925902359 926,1846468172532 542,5946921966708 1018,4507842797314 487,05646489909157 816,8096473475323 881,5815333819102 60,81118318204309 
844,517613789079 785,7105064844176 846,4968989901853 789,2863865543355 951,1014667216111 729,8883476258543 925,075672580357 261,6811036357039 389,00514135419854 506,8569818005864 334,2528982671654 213,65392577717827 832,0006009613214 833,312066395297 861,3042435748241 305,8512710452582 564,2144982185409 142,12670403551894 846,2369644490839 80,62257748298549 580,1120581404941 847,0850016379702 787,7182237323192 325,5764119219941 547,9507277118993 1044,571203891817 0 374,64916922368855 629,8642710933841 402,88956303185614 769,5115333768559 395,170849127311 451,2471606558871 641,0054601951531 545,8800234483764 712,0238760041689 139,2300254973761 895,0804433122198 492,5373082315694 713,9985994384023 241,05186163977245 722,2222649572637 31,400636936215164 456,88510590738235 895,1983020537964 239,00209204105306 643,0629829184696 525,1104645691229 405,093816294448 587,5678684203212 881,943875765346 752,0644919154208 890,409456373864 823,9053343679722 524,7037259254026 777,3371212028923 595,010083948163 613,5315802792877 822,7496581585434 68,26419266350405 882,1026017419969 951,2039739193692 528,4174486142562 692,9646455628166 1185,8199694726009 1015,2290381977851 465,5491381154088 713,4423592694787 379,7959978725421 678,1695953078404 669,215959164155 535,7406088770946 650,1699777750431 881,4136372895532 1132,2389323813238 645,8211826813982 943,5189452257968 818,6672095546517 385,5723019097715 289,35272592460575 439,3278957680698 84,52810183601665 398,7292314340648 605,2941433716338 270,8394358286843 603,6828637620915 606,6671245419518 434,73670192427966 67,67569726275453 902,3347494139855 840,0476176979494 592,5622330186088 1094,2417465989863 849,3209051942616 150,6154042586614 555,901070335361 107,78218776773832 708,4666541200087 298,8795744108319 377,54602368453044 1045,229639839973 
492,9665303040359 475,7951239766965 505,3998417095122 427,00468381506073 679,935291038787 675,8912634440543 550,5533579953899 115,10430052782563 437,23334731010624 283,98943642325855 96,21330469326995 183,0027322200409 554,3978715687858 589,0543268663765 487,7632622492186 305,81203377238114 270,4958410031474 234,04700382615454 837,9289946051515 305,486497246605 209,72362766269327 516,2024796530911 473,66021576653446 428,87993657899176 177,62882648939615 724,925513414999 374,64916922368855 0 575,0626052874591 269,937029693964 440,06590415527535 21,400934559032695 339,3081195609678 295,1779124528121 268,01679051880313 428,2989610073786 449,2004007121988 556,8635380414128 487,7550614806575 538,9062998332827 256,1640099623677 408,4470589929618 391,1265779770022 282,57742301889584 520,5862080385918 275,13632984395207 323,82711436814554 219,45614596087302 206,65188119153427 213,32135383031863 549,1784773641443 410,22067232161766 548,9417091094464 476,9339576922574 237,2172000509238 434,80225390400176 472,4118965479172 238,88281646028875 448,1439500874691 437,2482132610721 540,707869371253 617,158812624433 412,7820248024373 609,9458992402523 858,8113879077291 648,0154319150123 169,07394831847986 392,20657822122257 152,81688388394784 314,00636936215164 683,1046771908387 228,00877176108818 288,20999288713085 540,1073967277249 810,2993274093222 455,2592667920116 617,253594562235 489,18912498133074 450,4442251822083 236,86494041964082 228,11619846034608 458,8605452640268 50,20956084253277 408,36870595088453 189,08199279677586 229,53213282675696 236,4339231159522 77,3692445355388 382,4473820017598 530,6995383453805 739,341598991968 241,23847122712414 775,0180643056005 625,1559805360579 329,49203328760467 382,96213912082743 312,1297807002722 334,2708482652952 344,53591975293375 484,60396201434423 712,7222460397879 
955,2282449760371 489,9387716847892 987,6234100101111 871,5273948649004 502,4868157474383 104,78549517943789 874,0766556772924 585,0555529178405 245,94308284641795 322,07607796916557 487,0256666747657 506,6448460213525 441,63786069584205 378,375474892335 849,2926468538392 336,4312708414603 833,0096037861748 598,1078498063706 263,6512848442048 637,3138944036917 596,4436268416321 1013,7504623920031 500,77639720737636 316,6591227171578 585,5672463517747 676,6461409037962 629,8642710933841 575,0626052874591 0 306,79146011582526 531,4931796363901 572,8464017518133 236,18001608942276 808,2753243790138 836,5273456379056 980,3310665280378 769,0123536068845 1037,0390542308423 139,97856978837868 208,13697413001853 414,90360326225175 940,4690319197118 661,2026920695348 296,40006747637557 846,0809653927927 407,1817775883395 862,7774915932845 437,2482132610721 775,067738975117 661,0484097250367 601,4682036483724 906,6697303869805 1024,1581909060728 952,2000840159593 408,4421623681865 572,7215728432097 127,90621564255585 660,1469533369067 794,2921376924236 634,0544140686981 627,9140068512567 650,0276917178221 165,95180023127196 70,178344238091 807,7747210701756 832,5893345461494 441,0725563895355 488,0379083636844 422,24637357827004 781,0640178628125 140,24621207005913 439,00455578501686 769,6037941694415 1016,8780654532775 750,6650384825444 226,71568097509268 622,5022088314225 555,932549865539 255,1960031034969 751,1298156776896 352,80022675729674 677,7846265592043 623,6104553324936 243,46252278328177 437,9189422712838 671,1929677819934 705,3906718974954 537,2196943523198 692,0440737409721 902,9778513341288 212,5111761766896 758,8445163536467 713,5769054558871 353,02266216207704 479,50808126662474 224,96444163467257 676,9579012021353 693,8832754865907 332,2167966855379 287,1167010119753 712,7327689955051 
701,1775809308224 409,71819583709 725,8298698730991 621,840011578541 551,1533361960172 409,5473110643018 678,5609773631254 283,38842601630716 201,42740627829173 117,33712115098103 180,23595645708434 221,7746604100658 436,3312961500699 430,80506032311183 634,6124801798338 120,93386622447825 534,7990276730129 323,24603632527345 568,5252852776207 380,13155617496426 342,24260401066374 745,8532027148506 414,77222664976017 229,71286424577968 321,0763149159402 663,205096482227 402,88956303185614 269,937029693964 306,79146011582526 0 412,62573841194154 269,9036865253974 70,9365914038728 528,6435472035954 535,6052650973476 687,9491260260456 531,6925803507136 777,3036729618611 222,55111772354684 318,5623957720057 162,28986413205232 656,4000304692254 432,53901558125364 56,639209034025185 647,7808271321404 167,88686666919483 574,569403988761 199,090431713832 468,28730497420065 394,7708195903036 519,2157547686703 636,6859508423286 766,3295635690953 692,4536085543926 179,62739212046696 435,62024746331525 218,11235636707977 403,3422864020087 582,5916236953635 435,21488945117676 529,3099281139548 585,7960395905728 151,60804727981954 348,08045047086455 806,2015876937976 702,9722611881638 168,23792675850473 354,682957019364 118,3427226321923 517,6118236671183 414,01690786729955 207,0024154448445 500,0729946717779 758,1886308828431 750,1499850029993 244,6160256401857 571,1357106677887 457,20017497809425 219,49487465542333 451,7842405396629 76,32168761236873 474,663038375646 319,4010018769509 202,5956564193813 148,22280526288793 408,2364510917662 436,033255612459 243,31872102244824 450,92349683732385 686,5682777408231 486,6210024238576 475,7331184603401 711,2278116046925 446,83106427373644 267,36678926149375 154,95160534825058 413,2807762284619 466,2670908395745 158,59697348940804 266,6777081047458 674,2647847841381 
504,9059318328514 65,36818798161687 548,8761244579691 425 280,01785657346926 585,3246962156987 357,53181676600474 543,4013249891833 592,0819200076962 296,65468140583926 439,2413914921953 556,3056713714143 175,30829986055994 255,63450471327224 352,9036695757073 532,7522876534647 545,2063829413592 646,7426072248526 749,9819997839949 718,5596704519396 262,8193295783246 585,4579404192926 54,62600113499065 637,146764882315 285,3383955937231 284,8596145472362 769,5115333768559 440,06590415527535 531,4931796363901 412,62573841194154 0 420,23326855450176 417,80856860528843 450,0177774266257 565,0849493660223 633,4556022327058 872,928977637929 588,646753155065 555,2305827311749 349,2763948508402 553,0009041583928 568,2860195359375 793,9836270352179 359,89442896493966 333,63453058698826 565,2769232862775 521,0700528719723 244,40335513245313 605,0826389841309 318,76009787926716 112,48555462813881 498,9519014895123 573,3280038511986 513,6535797597443 247,1639132235934 46,09772228646444 408,57924567946424 294,0153057240388 301,42494919963076 818,1197956289775 116,77756633874505 181,79383927955314 410,0597517435721 511,941402896855 420,57698462944927 305,08031729365956 304,2170277943035 58,137767414994535 390,43693472826055 384,9597381545244 671,6085169203857 233,77339455121918 392,7658335446198 568,4804306218465 370,563085047607 304,8688242506931 177,62882648939615 49,678969393496885 611,4981602588841 673,5109501708195 346,70592726401435 851,3172146738253 454,1200281863816 294,15132160165456 502,6032232288209 315,0571376750573 351,0911562543266 362,9435217771492 797,6966842102329 403,2517823891173 564,2871609384711 427,09483724343943 334,96417718914364 311,01446911679204 661,8285276414126 333,12159941979144 736,5955470948762 250,14595739287893 571,1996148458085 662,323938869795 276,58814146669414 
477,7216762927971 457,083143421413 491,6390952721315 410,1475344312093 662,9042163088119 672,6432932840407 530,347998959174 136,34148304899725 443,7623237725348 275,056357861439 103,75451797391764 200,3596765818911 537,4616265371882 574,1437102328998 468,10789354592174 314,058911671043 266,05638500137525 254,95097567963924 836,213489486985 326,58842600435185 188,3454273402994 503,7628410274025 454,686705325766 438,63424398922615 156,236999459155 705,0624085852259 395,170849127311 21,400934559032695 572,8464017518133 269,9036865253974 420,23326855450176 0 338,0532502432124 282,177249260106 265,75364531836624 422,225058470006 470,6006799825092 543,2798542187994 490,0295909432409 529,1219141180981 268,55539465815986 399,0050124998432 412,01213574359673 278,23730878514476 500,27592386602015 287,5030434621519 314,6966793596653 203,79646709401024 216,23366990364843 193,54586019855861 528,9092549766925 396,86899601757756 534,9513996616889 462,4499972970051 223,10983842045155 414,22336969321276 467,18411788073445 218,51544567833184 427,8562842824679 457,3182699171333 520,0240379059414 596,7285815175942 409,20532743355136 605,5278688879646 838,470631566783 626,6370560380227 156,46085772486356 373,1058830948663 151,64761785138597 297,2036338943385 683,878644205242 211,91035840656775 272,0606550017845 526,1729753607648 790,2284479819743 445,3818586336898 597,2101807571603 469,22063040748753 457,6046328436809 254,9607812978302 222,74873737015884 479,4757553828973 51,62363799656123 398,7342473377475 200,50436404228213 209,80228788075692 218,38727069131113 58,82176467941097 403,7078151336682 511,6248625702234 732,6991196937526 227,8815481779953 755,1138986934355 611,3607772829396 346,0361252817399 375,7046712512369 333,51611655210905 313,4405844813336 353,8375333398084 493,3284909672256 692,2607890094599 
752,6765573604641 403,71400768365714 779,93397156426 671,4826877887471 519,0163773909259 338,6399267658792 711,8658581502557 353,4076965771968 174,42763542512407 128,2497563350512 251,01593574910737 286,0069929215018 412,20019408049774 393,41199778349414 673,2792882600801 148,71785366928881 601,2270785651624 385,33102652135346 498,62310415783986 437,36026339849394 390,50992304933817 802,0155858834664 410,6044325138247 222,80035906613796 372,9798922194064 647,7507236584148 451,2471606558871 339,3081195609678 236,18001608942276 70,9365914038728 417,80856860528843 338,0532502432124 0 588,0136052847757 603,1624988342694 752,3629443293975 584,7503740913725 830,9398293498754 164,57521077003062 262,77366686941826 211,96697856034086 717,7750343944821 481,89832952605263 73,53910524340094 681,6010563372096 212,24985276791125 637,2268042071049 236,23928547132036 539,0593659329184 448,3079298874826 517,6765399358948 693,1413997158155 819,3173988144033 745,7533104183983 211,24866863485792 447,0447404902556 151,0529708413575 453,47657050833396 619,7878669351313 475,8024800271642 532,4631442644645 581,2271500885003 83,02409288875127 277,5031531352392 790,2284479819743 717,8147393304208 220,27255843613383 361,7070637961056 186,65744024817226 571,1829829397931 347,89941074971654 241,89667215569543 555,6662667465067 811,4197434127419 733,1473248945263 197,77006851391846 562,9387178015028 458,2401117318299 193,82982226685345 521,4757904255958 125,4312560727987 517,2436563168271 388,2949909540426 163,3431969810803 213,11499243366245 460,6831883192613 491,0977499439394 306,88760157425713 504,21027359624475 726,2231062146122 417,50688617075525 536,1510981057486 694,0324199920346 401,90794966011805 307,02605752606735 110,39021695784459 472,826606696366 507,0788893259115 173,24260445975753 244,55878638887626 665,0451112518608 
203,55343278854326 511,3443067053744 210,60151946270474 156,97452022541748 730,0205476560232 898,4948525172529 338,76392960290207 387,1860018130821 718,699519966446 486,52235303221164 384,90648214858635 475,1841748206689 618,589524644574 685,9365859902795 266,62520511009456 593,3877315887142 124,2014492669067 500,78338630589576 1068,9550972795817 562,6259858911602 221,23742902140225 221,713779454503 502,7325332619722 719,4053099609426 224,4504399639261 695,4631550269216 641,0054601951531 295,1779124528121 808,2753243790138 528,6435472035954 450,0177774266257 282,177249260106 588,0136052847757 0 151,48927354766738 186,6815470259447 676,5478549223255 261,81863951980193 750,4165509901817 707,3400879350753 550,6813960903346 133,06013678032951 649,6906956390864 517,2852211304707 316,51224304914336 569,6402373428338 71,17583859709698 373,77132046212427 273,02930245671433 152,0131573252789 523,4625105965088 115,12167476196652 254,41894583540747 184,09780009549272 402,7331622799394 416,75052489469044 687,2735990855462 164,53874923555242 256,09568524284043 708,2174807218472 497,1327790439894 575,5215026391281 643,1337341486606 825,2126998538014 800,8926270106374 502,73850061438503 369,0094849729475 434,67689149528064 415,8088503146608 75,96051605933177 933,7976226142365 374,0401048016108 58,008620049092706 245,507637355745 766,6192014292363 629,3623757423063 591,6384030808007 484,809240836022 733,9005382202687 395,6273499140321 462,6499756835614 720,8307707083543 253,2923212416831 589,4005429247584 482,66965929090674 146,68674105044394 108,30050784737807 287,31167745150907 628,7543240407973 289,2334697091607 930,2601786597124 54,42425929675111 740,146607098891 736,3762625180146 622,1133337262593 587,72272373969 553,2494916400738 208,6935552430884 634,3413907353043 772,4927184122838 659,9310570051996 
326,3326523656497 621,0072463345335 314,6966793596653 301,57254516948325 841,0214028192148 934,4913054705218 489,8407904615539 319,631037291437 703,5978965289763 526,479819176386 363,78565117387467 419,4865909656708 722,2811087104521 779,5293451820785 417,73197148410844 570,4454399852802 27,586228448267445 414,87950057817994 1100,1718047650559 465,2794859006788 307,6507760432273 307,1677066359678 614,1376067299575 689,2205742721267 294,93219559756443 828,2439254229397 545,8800234483764 268,01679051880313 836,5273456379056 535,6052650973476 565,0849493660223 265,75364531836624 603,1624988342694 151,48927354766738 0 169,84993376507393 557,2162955262526 358,5080194361069 755,4495350451941 770,8728818683402 511,66102059859907 178,54971296532514 548,5699590754127 540,3156484870673 467,97542670529185 530,1254568496028 110,4943437466371 428,37833745417146 144,6789549312546 246,34325645326686 651,5903621141123 229,08513701242165 356,78845272794354 300,6409819036653 455,14063760556473 538,5684728982936 725,8002480021621 271,8896835115301 406,92259706238974 614,1376067299575 629,0071541723512 708,94992770999 671,4715183833191 865,2103790408435 941,0940441847456 652,5710689265959 402,1256022687439 538,2685203502059 417,2792829748441 224,95555116511352 949,6130791011674 432,29735136824513 200,47942537826668 348,04166417255277 903,5684810793258 688,3966879641418 721,5157655935177 605,7169305872175 715,944830276747 271,53268679847736 483,98553697398853 619,2915307026248 217,8072542409917 643,9440969525227 449,5297542988673 250,68306683938587 217,29703173306348 300,30817504690077 521,0614167255143 437,2470697443266 985,3288791058546 143,8923208513922 874,8268400089243 825,4919745218605 559,8803443593997 629,9436482733992 447,0548064835004 344,70277051396033 606,8162819173526 747,0595692446486 797,4020316001207 
234,82759633399138 695,9403710088961 201,52667317256046 257,1789260417735 913,214104139878 1074,175497765612 452,1736392139639 489,1553945322488 865,4646151056668 661,4786466697168 524,397749804478 588,430114796991 804,0478841462118 872,4729222159276 386,1204475290062 733,8726047482628 159,29846201391902 583,8099005669568 1243,1110167639895 631,4570452532777 406,0738849027354 175,88916964952674 686,9133860975487 855,0988246980579 405,4232356439379 865,2797235576481 712,0238760041689 428,2989610073786 980,3310665280378 687,9491260260456 633,4556022327058 422,225058470006 752,3629443293975 186,6815470259447 169,84993376507393 0 711,4752279594842 229,1047795223836 910,1785539112642 891,0779988306299 678,5425557767177 73,24616030891995 712,7327689955051 685,006569311565 439,55659476340475 697,2087205421343 120,06664815842908 552,7612504508614 307,02605752606735 336,77588987336964 699,323244286932 160,3527361787132 233,60008561642266 206,69300907384363 581,3639135687732 597,8135160733655 863,1135498878465 351,15950791627444 398,3779612378175 780,1294764332392 670,2693488441793 746,0328411001757 814,3838161456796 1002,210556719495 959,8275886845512 639,8406051510017 539,4237666250904 620,7688780858783 570,4533285028671 248,91765706755317 1100,258151526268 554,2165641696394 241,6298822579691 226,45970944077447 930,7980446906837 811,712387487095 765,288181014185 665,5298640932651 878,7377310665566 429,4659474277326 628,9077833832239 782,6985371137473 378,8627719900703 770,2811175148979 614,6543744251724 332,8618331981004 294,2600890368927 445,4862511907635 682,760572968299 384,16923354167756 1112,472022120107 226,03539545832197 907,434295142078 923,0492944583187 729,6608801354229 764,4004186288754 610,3646451097901 385,9961139700761 771,6793375489589 912,0224777931737 824,5659464227225 
876,0462316567546 895,8415038387092 870,3677383726949 831,7331302767733 1072,7539326425235 869,1144918823986 987,0086119178495 335,3356527421443 528,0340898086032 628,5196894290584 433,9700450491946 323,1361941968123 951,0415343190854 958,8597394822665 919,2442548093516 442,2239251781839 580,0387918062032 226,37358503146962 983,766232394668 156,1569723067145 658,8330592798148 864,3807031626748 896,6074949497132 463,62161295608297 626,8053924464913 1153,7634072893802 139,2300254973761 449,2004007121988 769,0123536068845 531,6925803507136 872,928977637929 470,6006799825092 584,7503740913725 676,5478549223255 557,2162955262526 711,4752279594842 0 915,5380931452279 631,761030770338 847,1912416922167 372,83374310810444 735,4250471666028 108,04165863221463 583,4012341433638 958,5139539933677 373,36443322844775 663,8531464111622 630,5822706039237 412,8074611728814 652,9448675041408 985,08882848198 779,8217745100479 913,214104139878 852,5989678623826 634,606177089382 875,4027644461719 731,0184676189788 681,5409011937581 886,7062647799439 156,92354826475216 981,4682878218736 1054,280797510796 663,7589924061293 831,7818223548769 1292,9346464535631 1097,032816282175 570,2780023812948 819,0219777270937 491,04785917464295 725,8877323663763 806,7868367790838 641,081118112209 696,9146289180619 904,3655234472398 1241,0616423046843 776,2087348130012 1049,657563208116 922,5773680293702 524,1612347360305 285,72714256787015 559,1565076076644 122,58874336577564 459,6194077712559 734,0149862230335 390,59057848340376 668,2993341310464 663,6655784354044 519,7662936358994 80,77747210701756 955,008376926611 978,8855908634063 634,3697659882602 1203,8554730531403 978,1845429161104 289,5582842883277 686,3330095514859 137,53544997563355 779,0057766152958 437,5979890264579 513,7548053303249 1149,4694428300388 
84,50443775329198 653,9189552230459 51,86520991955976 168,31518053936787 851,8761647094019 1118,9146526880413 294,8219801846531 646,977588483558 973,0046248605399 717,5047038173338 645,0457348126565 736,8371597578396 763,1736368612322 843,9774878514237 252,4836628378161 851,3612629195669 335,5964838909967 757,3196154860905 1290,4890545835715 815,2968784436747 442,15947349344447 53,665631459994955 642,6795468972075 978,0966209940611 457,961788799022 759,2759709091287 895,0804433122198 556,8635380414128 1037,0390542308423 777,3036729618611 588,646753155065 543,2798542187994 830,9398293498754 261,81863951980193 358,5080194361069 229,1047795223836 915,5380931452279 0 995,3813339620148 905,9254936251656 811,79122931946 182,18671740826773 901,0266366761862 757,9795511753599 296,7709554521803 830,7207713786865 252,87348615463821 601,295268566118 502,7325332619722 382,890323722081 619,3173661379116 146,696966567138 15,811388300841896 85,23496934944014 629,6229030141772 544,6833942759775 911,0927504925061 378,42304369580876 293,1381926668717 963,018691407389 584,4193699733095 647,9706783489512 876,1563787361249 1043,7839814827587 826,8313008105099 489,14721710339927 611,117828245912 597,54581414315 669,8074350139748 259,88651369395836 1169,319887798031 598,6192445954273 277,8488797889961 20,518284528683193 809,2391488305543 836,3791006475473 674,5138990413764 605,2941433716338 989,0323553858084 629,8142583333597 706,4120610521878 972,2355681623667 514,8980481609927 802,8598881498565 743,4870543593883 370,25666773199373 341,3297525853848 542,6094359666075 876,3018886205826 221,19900542271884 1131,0353663789651 315,6342820417326 793,625856433622 898,9354815558233 883,6843327795283 812,200098497901 801,3251524818124 352,36912464062453 893,0274351888636 1029,6144909625154 708,4758288043425 
917,2507835919248 528,0700711079922 944,2976225745779 836,0059808398502 591,6460090290477 237,35627229968034 870,1126363868071 476,1386352733834 105,99056561788883 286,96515467910035 393,3293785111913 388,1043674065006 507,4031927372945 462,33537610699875 834,6520233007286 211,2439348241743 755,9371667010427 472,2171110834507 368,0896629898753 505,2256921416408 555,0504481576427 965,9151101416728 537,0707588390937 176,77386684688435 537,4318561455024 748,6013625421743 492,5373082315694 487,7550614806575 139,97856978837868 222,55111772354684 555,2305827311749 490,0295909432409 164,57521077003062 750,4165509901817 755,4495350451941 910,1785539112642 631,761030770338 995,3813339620148 0 296,31908477180474 290,0431002454635 878,8401447362313 523,7489856792088 237,96848530845423 840,3005414731089 279,4011453090341 797,1204425932132 399,6248240537617 676,1804492885017 612,6116224819767 643,7530582451628 856,90606252961 983,8262041641298 910,2181057307089 373,53580818979054 590,1660783203318 169,49926253526885 618,0517777662321 780,6215472301543 494,4461548035337 664,1882263334694 701,3201836536576 145,27904184706065 207,99278833651903 886,8562453971895 860,0470917339352 384,38652421748606 503,09939375833085 339,7675676105652 735,5576116117622 198,82907232092595 404,6245172996812 719,6110060303414 975,9041961176312 829,0838317082296 273,86493021195685 678,14526467417 589,4785831563348 115,69356075426151 636,5736406732532 289,15393824051574 538,1839834108778 537,8773094303198 265,34505836740203 325,70692347569155 625,1415839631851 655,1289949315326 465,86800705779314 556,0008992798483 887,919478331228 352,48971616204636 697,8660329891404 790,5453813665602 450,6939094329987 343,0014577228499 222,11033294288674 545,9029217727269 669,8567010935996 198,57995870681412 152,6106156202772 775,9600505180663 
821,6885054569036 297,5987231155403 859,9517428321196 737,6103307302576 298,10736320996836 238,32121181296472 705,0624085852259 589,1663602073696 382,57678967757573 255,14309710435043 473,10569643579646 539,786995026742 235,00851048419503 171,09354166653983 691,841744909918 409,7767684971904 760,7916929094323 641,6930730497253 400,7056276120913 697,9641824621089 486,11521268110914 891,2625875688938 309,3638634359223 450,6994564008259 485,8847599997349 468,53068202626815 713,9985994384023 538,9062998332827 208,13697413001853 318,5623957720057 349,2763948508402 529,1219141180981 262,77366686941826 707,3400879350753 770,8728818683402 891,0779988306299 847,1912416922167 905,9254936251656 296,31908477180474 0 474,3838108536167 839,6195567041063 744,67173976189 274,33191575170395 679,5660379977799 475,015789211264 771,0175095288045 342,620781623065 745,1476363781878 555,3467385336841 402,62761951957543 790,1423922306662 891,6955758553477 823,8312934090328 315,77840331472953 394,11800263372896 130,83195328359201 545,6198310178984 637,6025407728548 736,5717887619645 432,20018509945135 446,0100895719737 188,8200201249857 168,57639217873896 600,7503641280628 638,880270473271 374,2325480232846 317,619268936883 400,1012371887895 664,0030120413611 340,00588230205665 339,3287491504367 659,3367879922976 885,4106391951702 543,4013249891833 83,74365647617735 417,1450587026053 364,2993274767331 398,84834210511644 756,0535695306253 318,0770346944274 778,6404818656682 579,9767236708728 130,54118124178285 466,37752947585284 561,3813320729502 599,230339685834 478,5498929056405 766,5363657387691 744,452819190041 225,30423875284725 665,1375797532418 505,98517764851573 154,40207252495026 568,5463921264474 165,21501142450705 731,7820713846438 553,6686734862286 427,2154023440634 444,3973447265409 505,0990001969911 
744,8946234199841 559,883023496873 760,108544880269 674,0066765247952 712,8001122334367 519,1579721048305 769,4004159083877 200,11246837716035 206,39040675380238 271,56214758320056 167,87197502859135 101,83319694480774 596,1384067479631 593,0944275577035 715,0643327701362 79,07591289387686 519,2494583531118 183,30848316430968 658,0919388656877 226,86119103980744 415,56226970214703 772,1223996232721 563,434113273238 178,21896644296868 386,51778743028115 817,2056044839634 241,05186163977245 256,1640099623677 414,90360326225175 162,28986413205232 553,0009041583928 268,55539465815986 211,96697856034086 550,6813960903346 511,66102059859907 678,5425557767177 372,83374310810444 811,79122931946 290,0431002454635 474,3838108536167 0 663,7717981354737 271,1309646646801 217,40745157422734 738,3833692601696 18,973665961010276 579,0785784330137 314,57431554403803 406,6017707782395 447,69855930078666 663,7024935918201 665,4239250282484 803,308782474087 730,513518013185 306,36579443534487 568,4936235350402 359,9180462271932 466,0010729601382 668,0726008451477 273,87953556262653 669,0209264290617 732,0689858203256 292,02225942554446 471,128432595614 959,8150863577838 825,1496833908379 261,21638539724114 495,1545213365218 171,84004189943624 562,0142346951721 486,1645811862481 324,7768464653846 538,4468404587402 794,5615142957781 904,7016082665046 404,82712359722143 720,623341281699 600,4681506957717 214,00934559032697 349,412363833909 208,4922060893404 312,61637832973497 302,39874338363245 364,33089355694227 68,73136110975832 463,52238349404445 480,5132672465975 277,4058398808504 292,2498930709813 763,1893605128415 617,0397069881321 496,42723535277554 866,0883326774469 608,276253029822 109,20164833920778 314,8841056642904 264,31988196123274 548,7631547398204 100,60318086422517 237,43841306747314 823,6000242836325 
169 631,7230405802846 143,75673897247393 184,04890654388578 847,2219307831921 1031,341844394961 379,7472843879203 484,10329476259506 841,7184802533445 619,0581555879868 502,7325332619722 579,7283846768244 740,7361203559605 811,7253230003361 313,0814590485997 713,0610072076582 158,07909412695912 587,9328192914561 1201,6297266629183 641,7982549056985 353,62833596871167 129,52219886953742 622,2740553807462 837,2365257201814 357,49825174397705 794,0100755028238 722,2222649572637 408,4470589929618 940,4690319197118 656,4000304692254 568,2860195359375 399,0050124998432 717,7750343944821 133,06013678032951 178,54971296532514 73,24616030891995 735,4250471666028 182,18671740826773 878,8401447362313 839,6195567041063 663,7717981354737 0 726,083328551207 648,006944407234 366,5474048469038 682,692463705291 84,69356528095862 506,77411141454337 323,2150986572255 284,6910606253733 629,9603162104737 87,31551981177229 182,54314558481784 140,73023839957068 535,7210094816144 531,0969779616524 820,0792644616738 294,70663379028304 325,3459696999488 790,4587275753238 600,1416499460773 675,0896236797008 775,0212900301514 958,1821329997758 887,0186018342569 566,6506860491744 500,18896429249617 559,1073242231763 541,1413863307814 183,74166647769363 1064,643132697525 507,09860973976254 181,57092278225608 174,24408167854654 858,5406222188907 762,1351586168952 695,0949575417736 598,3853273602219 856,0917006956673 449,89998888641907 592,7647088010553 797,0156836599892 361,386219991853 722,4070874513899 597,448742571277 278,25527847643787 240,4703723954367 413,26625799839985 699,3461231750699 312,8530006248941 1062,968014570523 181,89282558693733 835,6518413789322 863,3846188113383 724,6254204759863 720,5948931265056 625,0391987707651 318,90437438203946 752,6606140884483 892,3284148787374 752,4692684754641 
852,8657573147136 811,6754277419022 853,1125365389961 799,9906249450677 979,601959981706 761,1051175757525 940,4536139544576 276,6965847277483 420,01071414905596 535,0607442150845 356,70856451731015 237,6930794112441 859,9075531706882 862,5572444771419 875,6763100598303 336,964389809962 568,0316892568583 157,07959765672945 876,5300907555884 87,55569655939013 598,588339345163 852,2118281272561 813,4137938343558 356,0252800012943 566,3532466579493 1070,5087575540892 31,400636936215164 391,1265779770022 661,2026920695348 432,53901558125364 793,9836270352179 412,01213574359673 481,89832952605263 649,6906956390864 548,5699590754127 712,7327689955051 108,04165863221463 901,0266366761862 523,7489856792088 744,67173976189 271,1309646646801 726,083328551207 0 486,09669819903115 910,8424671698175 269,6664606509308 648,3733492363793 549,6626237975437 405,8780605058618 602,9610269329188 906,4662155866594 759,3266754171093 896,877360624071 831,5635874664066 550,276294237722 800,6278786052857 626,1317752677945 629,6229030141772 838,4157679814949 73,06161783043132 905,7952307227059 975,7668778965599 559,422023163193 724,3604075320517 1211,3830938229244 1035,1656872211327 489,7775005040554 738,3291948717726 405,31099170883584 689,7796749687541 699,5112579508639 560,2856414365801 661,465796545823 887,8963903519374 1158,14031965043 675,953400760733 968,7404193074634 843,2994723109935 416,307578600246 285,8058781760795 467,0171303068015 71,25307010929424 412,0594617285229 635,0787352761861 298,0268444284843 618,9547640983144 620,1814250685037 454,138745319093 42,638011210655684 915,5861510529744 871,4413348011443 602,5014522804074 1120,2932651765786 879,2223837005062 182,01373574541017 586,0034129593445 102,59142264341595 725,3971326108203 330,28018408617856 407,2210701817871 1070,1070039953947 
679,395319383347 354,24426600863984 707,096174505279 598,0376242344623 495,40488491737744 394,62007044751283 640,5318102951641 316,26729201736936 240,00208332429116 63,245553203367585 203,39370688396434 267,3275144836386 379,82759246795115 376,46380968162134 600,6005328002965 176,67201249773547 536,6134549189015 369,7783119654261 560,0223209837266 430,07441216608083 317,08989261721985 729,7156980632936 359,64982969549703 277,94963572561124 300,12330799189857 606,8055701787847 456,88510590738235 282,57742301889584 296,40006747637557 56,639209034025185 359,89442896493966 278,23730878514476 73,53910524340094 517,2852211304707 540,3156484870673 685,006569311565 583,4012341433638 757,9795511753599 237,96848530845423 274,33191575170395 217,40745157422734 648,006944407234 486,09669819903115 0 610,0917963716607 223,98660674245681 568,5296826024125 163,04907236779974 487,3612623095931 375,66474415361364 464,87525208382516 621,022543874214 746,2392377783415 672,7644461473867 138,91724155050014 385,18696758846863 190,0973434848578 380,1907416021595 547,3728162779003 491,01120150155435 476,2404854692637 530,879459011177 131,2288078129189 327,438543852125 749,8086422548089 654,4814741457545 148,4048516727132 302,3375596911505 132,00378782444085 498,3753605466466 416,64613282736707 169,09760495051373 483,4263128957711 738,3887864804016 693,6692295323471 196,0025510038071 515,5385533594941 403,3856715353187 259,04825805243314 484,3397567823645 56,4003546088143 530,0235843809216 329,6012742693814 151,47607071745688 194,79733057719247 387,76926128820475 418,79947468925985 240,84019598065436 502,76435832306174 653,3911539039996 458,5280798380836 466,1351735280229 654,7251331665831 395,0012658207566 323,6309626719916 109,22453936730518 461,39462502287563 433,92280419447883 212,42645786248002 308,58548248418947 618,5959909343093 
227,00220263248548 394,63527465243146 275,02908937056094 182,58422713914803 569,5489443410461 911,1865890145663 31,064449134018133 634,1774199701531 848,2694147498188 554,2309987721726 578,3467817840781 695,6004600343505 497,2775884754912 583,3669514122307 53,48831648126533 751,0958660517312 440,59278251010875 754 1079,1037948223516 824,1601786060766 323,37284981890485 316,0395544864598 382,50751626602056 874,2288030029667 353,79372521287036 463,0259172011865 895,1983020537964 520,5862080385918 846,0809653927927 647,7808271321404 333,63453058698826 500,27592386602015 681,6010563372096 316,51224304914336 467,97542670529185 439,55659476340475 958,5139539933677 296,7709554521803 840,3005414731089 679,5660379977799 738,3833692601696 366,5474048469038 910,8424671698175 610,0917963716607 0 755,5726305260137 370,9043003255692 448,9688185163865 579,7628825649327 307,8830946966722 334,79097956784915 279,24362123421906 281,12808468738945 248,8051446413438 471,2303046282147 287,6056327682057 718,6438617284642 281,7605366264055 72,44998274671983 957,5510430259058 298,28342226815084 354,4925951271761 702,2001139276467 836,3372525482768 533,0037523320075 201,2212712413874 486,01646062659233 362,6844358392017 569,4778309995921 246,1097316239242 985,4998731608239 441,72615951514575 273,97992627198073 279,7320146139873 512,9571132170797 624,7631551236036 383,0195817448502 335,243195307526 866,7929395190065 692,9884558923042 571,472659013535 979,2880066660675 500,2889165272403 602,6184530861962 672,3287886146182 291,92636057745796 295,2033197645311 467,7093114317909 898,7902981229827 78 897,6970535765392 338,7535977668724 496,85510966477943 639,2260945862582 834,5208205910743 628,0398076555339 825,3029746705146 190,06577808748213 794,0510059183856 914,4577628299735 411,7049914684057 
763,698893543784 570,4042426209679 779,0308081199356 692,6131676484356 719,0354650502296 510,96868788605826 786,6060004856307 217,27632176562636 192,02343606966312 280,30340704315387 186,59314028120113 117,6860229593982 603,669611625432 598,0008361198168 732,7434748941815 71 537,9107732700656 192,81597444195333 647,0123646422841 231,26175645791503 433,04041381838715 791,0910187835531 574,276936677767 160,4306703844374 404,2425014765271 826,9927448291188 239,00209204105306 275,13632984395207 407,1817775883395 167,88686666919483 565,2769232862775 287,5030434621519 212,24985276791125 569,6402373428338 530,1254568496028 697,2087205421343 373,36443322844775 830,7207713786865 279,4011453090341 475,015789211264 18,973665961010276 682,692463705291 269,6664606509308 223,98660674245681 755,5726305260137 0 598 328,6959080974389 423,72750677764594 466,0321877295602 675,4679859179116 684,3690524855723 822,2146921577113 749,3904189406213 319,3305497443049 581,835887514684 357,76109346881196 484,05061718791353 685,4582408870725 267,4060582709375 681,5753810107874 743,5758199403743 290,3945591776816 465,0526851873882 969,7716225998779 840,0380943742969 276,5248632582611 507,29281485154115 187,7578227398262 580,706466297733 474,01687733666193 338,7742611238345 557,2297551279903 813,4715729513847 914,3659005015443 407,53036696668386 731,4656519618676 612,3610046369706 198,59506539690256 363,4350010662154 219,40145851839728 307,33206796558017 321,3113754600045 368,2458417959394 87,47571091451616 481,814279572534 499,1202259977049 295,7465130817268 293,23369519889764 781,0774609473762 611,5112427421102 515,3794718457459 875,6443341905434 611,522689685346 99,72462083156798 317,80497164141406 270,04629232781554 566,1245446012741 85,58621384311844 220,04772209682153 834,5495791143867 
215,87033144922904 582,1382997192334 206,52602741543257 195,93111034238538 801,0443183744579 955,558998701807 390,03204996512784 400,6906537467526 757,9109446366374 542,7577728600485 418,35989291517893 495,485620376616 689,0029027515051 755,2489655736048 318,6989174754128 628,7328526488814 84,75848040166836 506,8273867896249 1125,0195553855942 563,0008880987667 286,35642126552705 204,02205763103166 573,6357729430758 752,6712429739827 285,3769437077915 765,4051214879607 643,0629829184696 323,82711436814554 862,7774915932845 574,569403988761 521,0700528719723 314,6966793596653 637,2268042071049 71,17583859709698 110,4943437466371 120,06664815842908 663,8531464111622 252,87348615463821 797,1204425932132 771,0175095288045 579,0785784330137 84,69356528095862 648,3733492363793 568,5296826024125 370,9043003255692 598 0 433,0461869131282 251,5094431626773 217,18655575334307 594,2432162002357 118,59595271340417 249,6096953245206 190,43634106966033 461,7358552246078 487,92314968650544 744,3419912916374 233,13729860320507 316,39374203672236 711,1582102457934 567,4830393941303 645,4866381266153 696,9397391453582 883,2043931050162 868,6339850592999 563,6488268416781 421,7226576791909 504,74746160827794 458,4157501657202 143,69411957348845 984,7842403288143 434,33167050078214 129,0620006043607 240,7072911234722 835,5028426043804 691,6798392319961 662,149529940179 555,9802154753351 772,0958489721338 378,4402198498463 512,7933306898599 719,5449951184429 276,6965847277483 650,3944956716654 512,7884554082707 214,11445537375565 175,5135322418189 331,25518863860833 623,4308301648227 332,4484922510553 992,4766999783924 106 809,6449839281412 805,1161406902734 640,7846752224963 645,3433194819638 548,4605728764831 279,2579452764057 668,1624054075476 807,9412107325631 728,7996981338563 
520,8425865844689 266,0112779564054 551,2621880738783 438,24422414904683 461,39462502287563 524,9476164342495 479,67072039056126 307,7661449867415 399,32192526832284 116,21101496846157 196,8146336022807 311,96954979612997 335,83626963149766 370,4726710568541 437,7761985307104 308,7588055424493 418,226015450976 404,2190000482412 695,8060074474781 475,3535526321435 159,40200751558933 576,6003815468735 266,20480837129895 427,56636911712314 149,40214188558343 523,1978593228379 525,1104645691229 219,45614596087302 437,2482132610721 199,090431713832 244,40335513245313 203,79646709401024 236,23928547132036 373,77132046212427 428,37833745417146 552,7612504508614 630,5822706039237 601,295268566118 399,6248240537617 342,620781623065 314,57431554403803 506,77411141454337 549,6626237975437 163,04907236779974 448,9688185163865 328,6959080974389 433,0461869131282 0 416,01923032475315 224,1807306616695 356,8557131390781 469,43796182243295 588,8853878302637 516,1676084374144 29 254,8489748851268 313,9585959963511 223,2129028528593 384,87660360172583 574,4292819834309 357,8295683701949 426,1384751462839 274,8708787776544 451,45210155674323 662,6507375684419 512,0244134804511 60,30754513325841 188,83061192507955 146,7310464761974 343,9026024908797 568,0325694887574 10,63014581273465 332,5838240203513 581,3406918494525 610,481776959804 260,7565914794869 419,52949836692056 293,64093720052045 417,8241256796931 455,3701790851043 123,00406497347964 607,0667179149257 250,12796724876648 217,81643647805828 259,6247291765559 233,96153530014288 268,7042984397533 146,27713423498562 554,2824189887318 490,43348172815445 560,3900427380914 327,2445568684069 573,3149221850065 409,04400741240545 421,8269787483963 214,26385602802915 495,40488491737744 270,8800472533922 350,7278146939589 465,67155807500205 520,4786258819856 
465,80360668419047 651,7929118976364 457,83184686083166 429,94185653411324 866,0652400368 877,593299883266 605,0223136381005 206,49455198624491 609,4932321199309 490,51095808350703 288,05555019822134 306,86316168611705 741,9070022583693 785,5354861494164 533,6215887686704 475,29780138351157 167,28717822953436 280,95729212818094 1035,8426521436545 324,59359205012044 344,11771241829445 451,73886261865937 647,3275832219728 583,949484116563 319,75146598569336 884,2850219244924 405,093816294448 206,65188119153427 775,067738975117 468,28730497420065 605,0826389841309 216,23366990364843 539,0593659329184 273,02930245671433 144,6789549312546 307,02605752606735 412,8074611728814 502,7325332619722 676,1804492885017 745,1476363781878 406,6017707782395 323,2150986572255 405,8780605058618 487,3612623095931 579,7628825649327 423,72750677764594 251,5094431626773 416,01923032475315 0 303,7252047492931 705,0858103805522 368,78720151328463 500,48976013501016 441,3671940686122 437,65854270195615 588,3026432033091 677,4555335961173 334,11375308418536 512,275316602313 473,1437413725347 688,7336204948906 768,7197148506079 615,9561672716655 813,7180101239004 1008,5286312247164 748,52989252267 372,4902683292545 566,4212213538614 355,6880655855633 334,61171527607934 874,58618786258 423,01891210677564 306,10455730027934 491,66350281467913 965,4014708917736 661,430268433491 775,4824304908526 651,1351626198665 619,2132104533946 127,09838708654017 433,9976958464181 476,14493591762584 166,43316977093238 614,6641359311603 353,42467372836325 314,79834815322647 294,1054232753963 270,31278179176064 377,04774233510534 561,1889164978226 945,3533730833143 241,13274352522097 933,1634369176709 825,0606038346516 435,99311921176 589,4717974593865 303,7268509697488 425,6007518790351 506,3852288525012 643,7716986634315 861,9756377067741 
306,5844092578747 375,13330963805384 331,6941362158819 229,20078533896867 595,3032840493995 748,9465935565767 337,5574025258519 326,31426570102633 592,4229907760164 339,0634158973805 281 392,3111010409978 478,2896611886985 540,3785710036992 274,5632896073326 476,0556690136144 227,1079038695043 446,1614057714988 919,9461940787625 516,3099844085915 69,35416353759881 354,2386201418473 368 603,0754513325841 75,8023746329889 586,8602900179906 587,5678684203212 213,32135383031863 661,0484097250367 394,7708195903036 318,76009787926716 193,54586019855861 448,3079298874826 152,0131573252789 246,34325645326686 336,77588987336964 652,9448675041408 382,890323722081 612,6116224819767 555,3467385336841 447,69855930078666 284,6910606253733 602,9610269329188 375,66474415361364 307,8830946966722 466,0321877295602 217,18655575334307 224,1807306616695 303,7252047492931 0 408,4617485150843 246,01829200285087 371,6517186829626 297,8455975837145 253,16002844051033 293,58644382872995 538,1124417814552 30,610455730027933 235,46761985462035 650,5628332451831 388,6811032195931 469,00426437293726 497,2574785762402 675,1148050517038 706,5868665634821 451,27596878185307 228,25424421026653 293,53705047233814 291,2953827303138 123,00406497347964 789,8012408194862 223,55759884199867 108,57716150277645 363,5849281804734 665,3848510448671 477,4484265342174 478,87367854163796 360,0722149791622 609,0599313696478 399,51595712812275 323,5444328063767 671,5303418312534 193,38303958723992 437,9235093027092 379,2967176235513 16,278820596099706 44,598206241955516 170,29386365926402 591,3307027374784 318,7789202566569 778,3084221566667 113,3225485064645 634,6755076415034 589,1638142316617 535,571657203777 438,40848531934233 518,3830629949247 127,283148923964 518,737891424947 651,6417727555531 560,6291109102344 
539,2819299772615 115,7410903698423 586,2866193253944 467,14879856422624 234,79565583715555 640,399875078064 351,0128202786901 654,5242547071881 690,4056778445554 402,0808376433774 551,5886148208644 668,7847187249422 178,88543819998318 265,9398428216426 368,95799218881274 640,0078124523169 629,5180696374013 759,0026350415392 796,2738222496077 830,918166849179 361,00554012369395 625,6021099708664 107,44766167767449 739,5843427223159 386,9431482789171 179,20379460268134 881,943875765346 549,1784773641443 601,4682036483724 519,2157547686703 112,48555462813881 528,9092549766925 517,6765399358948 523,4625105965088 651,5903621141123 699,323244286932 985,08882848198 619,3173661379116 643,7530582451628 402,62761951957543 663,7024935918201 629,9603162104737 906,4662155866594 464,87525208382516 334,79097956784915 675,4679859179116 594,2432162002357 356,8557131390781 705,0858103805522 408,4617485150843 0 552,5450207901615 603,5428733735491 553,2494916400738 358,8161088914487 116,86744627996283 486,26330315992385 380,61266400370863 326,5455557805067 930,1747147713703 36,87817782917155 69,31089380465383 499,11922423405014 571,0035026162274 309,6837096135346 238,29603437741048 416,70253178976486 169,01183390520322 502,6728558416498 452,0276540212999 739,340922714278 346,2268042771963 465,47395201020646 600,1708090202321 261,8587405453559 378,02116342871597 70,51950084905593 63,41135544995076 709,7612274561072 780,1794665331818 456,228013168854 963,628559145068 560,0446410778341 378,4521105767545 614,5640731445338 401,756144943671 434,35008921375857 472,547352124631 910,0796668424144 411,76813864115326 597,448742571277 509,25926599326596 228,25424421026653 319,90779921721196 772,7483419587518 423,8171775659878 848,5587781644829 315,03968004046726 677,2326040586056 760,7207109051258 164,43843832875572 
97,30878685915265 563,6044712384742 95,63472172804185 96,84007434941384 775,1264412984503 992,9481356042721 292,64312737530673 501,15466674470866 829,9457813616501 584,9008462979003 499,0751446425678 590,2143678359583 673,5176315435253 748,3007416807764 225,78751072634643 706,4729294176813 203,15757431117353 613,0293630814107 1164,3135316571736 672,8603123977517 310,65253902068787 109,17875251164945 553,4880305842214 832,91356094135 321,8089495337257 712,4745609493717 752,0644919154208 410,22067232161766 906,6697303869805 636,6859508423286 498,9519014895123 396,86899601757756 693,1413997158155 115,12167476196652 229,08513701242165 160,3527361787132 779,8217745100479 146,696966567138 856,90606252961 790,1423922306662 665,4239250282484 87,31551981177229 759,3266754171093 621,022543874214 279,24362123421906 684,3690524855723 118,59595271340417 469,43796182243295 368,78720151328463 246,01829200285087 552,5450207901615 0 139,60659010233005 72,78049189171504 498,30211719397704 459,2254348356589 782,7962697918277 247,4914139924858 240,10414407085938 819,7054348971952 521,3233161867978 594,4156794701836 743,2428943488125 918,5450451665395 801,9538640096449 479,525807438974 472,8900506460249 495,9727815112438 526,5529413078992 126,66885963013956 1035,8093453913225 468,05234749972146 137,63720427268203 130,64838307457157 774,8367570011118 715,99022339694 615,877422869194 525,2780216228355 845,5820480592052 495,1949111208636 567,8608984601775 830,5769079380909 368,28250026304534 679,111183827803 597,2445060442163 235,47823678633233 202,27209397245088 398,5285435197835 736,3810155075971 226,947130407062 1015,1300409307174 169,04733065032408 753,0059760719034 801,4168702990972 737,1037918773719 683,1668902984102 661,0189104707973 249,23081671414553 747,8194969375966 885,2129687256056 669,215959164155 
70,00714249274856 638,5765420057332 44,04543109109048 154,20765220960988 836,1656534443399 1105,4953640789272 279,5174413162799 640,7261505510759 962,6567404843743 705,0907742978914 636,2342335964012 729,5950931852543 747,7593195674662 828,7267342133956 236,68122020980033 841,7992634826904 333,2041416309227 752,0325790815183 1277,048158841318 810,8446213671273 429,959300399468 58,05170109479997 627,309333582723 968,655253431271 446,4179655883038 743,5388355694678 890,409456373864 548,9417091094464 1024,1581909060728 766,3295635690953 573,3280038511986 534,9513996616889 819,3173988144033 254,41894583540747 356,78845272794354 233,60008561642266 913,214104139878 15,811388300841896 983,8262041641298 891,6955758553477 803,308782474087 182,54314558481784 896,877360624071 746,2392377783415 281,12808468738945 822,2146921577113 249,6096953245206 588,8853878302637 500,48976013501016 371,6517186829626 603,5428733735491 139,60659010233005 0 73,92563831310488 617,1102008555685 529,2730864119203 898,0089086417796 366,3249923223912 277,41665415039523 958,2301393715395 568,626415144425 632,1676992697428 863,6897591149267 1030,3130592203518 811,5417426109393 474,0516849458506 599,7374425529891 582,6843056063892 659,6605187518804 248,71871662583015 1156,8357705396215 586,0418073823744 267,67517628648346 9 793,7115345010428 822,5448316049406 658,7025125198779 589,7126418858595 978,8181649315668 627,579477038566 695,0165465656196 968,1177614319448 507,71054745789945 789,3503658072251 734,8829838824682 358,7199464763564 330,6297022349928 532,8648984498791 872,7571254363954 205,7887266105702 1116,7367639690206 307,77426793024785 777,97943417548 883,7335571313336 876,5318020471362 799,2552783685572 797,6289864341692 338,04437578519185 883,6220911679382 1019,7725236541726 692,8260965061868 
28,319604517012593 579,0138167608783 36,124783736376884 88,68483523128404 782,7298384500235 1034,7584259139908 255,14897609044016 571,2836423353989 888,7434950535503 632,3701447728221 563,1740405949124 658,4010935592377 688,8867831509035 767,8001041937933 198,00252523642217 768,1516777303816 275,1908428709066 684,3537097145014 1206,3502808057037 744,9295268681461 356,9677856613955 72,44998274671983 568,1197056959035 895,064243504342 372,7868023414992 702,7268317063182 823,9053343679722 476,9339576922574 952,2000840159593 692,4536085543926 513,6535797597443 462,4499972970051 745,7533104183983 184,09780009549272 300,6409819036653 206,69300907384363 852,5989678623826 85,23496934944014 910,2181057307089 823,8312934090328 730,513518013185 140,73023839957068 831,5635874664066 672,7644461473867 248,8051446413438 749,3904189406213 190,43634106966033 516,1676084374144 441,3671940686122 297,8455975837145 553,2494916400738 72,78049189171504 73,92563831310488 0 544,5456821975545 470,91931368335275 826,4823047107542 293,21152774063984 228,1074308302998 891,4033879226621 519,6585417367831 587,7695126493037 791,0379257658889 959,7270445288077 781,2073988384902 449,16144090961325 526,0152089055981 518,7407830506485 585,7926254230246 174,8656627242753 1084,2001660210167 513,5854359305762 193,86851214160592 65,7419196555744 758,8076172522256 753,1434126379916 612,2221818915091 533,8951207868452 904,9254112908975 567,8952368174961 621,3058827984812 902,8028577712855 436,83520920365385 718,9248917654751 661,9864046942354 285,0771825313278 256,7041098229633 459,1644585548842 808,9499366462674 182,96447742663054 1049,1005671526443 236,32604596192948 740,13039391718 822,2469215509415 805,3874843825175 727,4462179432924 733,5536790174255 271,4498111990502 810,0598743302868 945,985729279253 655,2289676136121 
548,8679258255122 261,6199533674754 579,7283846768244 466,00965655230794 448,2945460297281 495,94858604496494 501,72203459684727 318,15876539866065 377,6413642597961 88,19297024139736 203,2953516438583 313,16768671112925 323,154761685481 352,0127838587684 462,03138421540154 293,73627627516487 445,6007181322759 408,72729294726577 666,8110676945906 478,70032379349817 188,04254837669055 605,3304882458838 263,1387466717891 409,26519519744164 178,39282496782207 520,3124061561477 524,7037259254026 237,2172000509238 408,4421623681865 179,62739212046696 247,1639132235934 223,10983842045155 211,24866863485792 402,7331622799394 455,14063760556473 581,3639135687732 634,606177089382 629,6229030141772 373,53580818979054 315,77840331472953 306,36579443534487 535,7210094816144 550,276294237722 138,91724155050014 471,2303046282147 319,3305497443049 461,7358552246078 29 437,65854270195615 253,16002844051033 358,8161088914487 498,30211719397704 617,1102008555685 544,5456821975545 0 262,6118809193522 284,96491012052695 251,81143738917024 408,58903558465687 571,4630346750348 362,74095440134687 427,7627847300417 246,5866987491418 422,48076879308957 661,1542936410532 525,37605579242 69,6419413859206 189,805163259591 144,97241116847025 372,63386856269517 539,725856338197 31,304951684997057 361,53146474408004 609,619553492176 607,9087102517943 233,33452380648689 418,8961685191212 295,4081921680575 396,40887981981433 470,9575352407051 105,32331175955302 605,4890585303751 271,26555254952666 189,70766985021982 255,82806726393412 262,8402556687236 297,6927946726289 167,36188335460378 557,1086070058512 515,0087377899524 532,2649716071874 356,0056179332006 570,190319104069 388,25249516261965 414,889141819836 185,26737435393204 500,89619683123965 296,3258341758275 334,83279409281283 445,01797716496804 520,9731279058451 
461,28624518838626 109,80892495603443 505,85571065275127 382,4264635194589 316,26729201736936 629,2296877929394 311,7434842943794 542,4573715970685 621,4064692292799 322,2561093292104 444,0585546974633 563,6851958318579 218,4902743830947 300,6559495503124 307,0439707924583 554,1479946729032 517,4214916294065 650,2007382339704 794,7439839344491 722,656903378083 244,19049940568942 543,0064456339354 98,22932352408826 663,1297007373445 270,135151359463 296,00675667964066 777,3371212028923 434,80225390400176 572,7215728432097 435,62024746331525 46,09772228646444 414,22336969321276 447,0447404902556 416,75052489469044 538,5684728982936 597,8135160733655 875,4027644461719 544,6833942759775 590,1660783203318 394,11800263372896 568,4936235350402 531,0969779616524 800,6278786052857 385,18696758846863 287,6056327682057 581,835887514684 487,92314968650544 254,8489748851268 588,3026432033091 293,58644382872995 116,86744627996283 459,2254348356589 529,2730864119203 470,91931368335275 262,6118809193522 0 448,33246592233314 266,7208278331484 255,9726547895302 828,5801107919499 106,21675950620975 182,84966502567076 445,5939855967538 555,4178607138953 424,7469835090062 270,9778588741154 312,6227758817326 87,09190547921202 401,42994407492824 348,89683288903615 712,960728231226 244,38698819699874 358,9428923937623 524,6189093046495 378,38076061026146 346,6554485364394 187,18172987767795 68,06614430096654 640,7846752224963 664,0496969354026 366,0191251833707 860,2011392691828 443,8468204234429 332,74614948936676 514,4171459039833 287,9340202199108 322,1335126931068 358,9052799834519 801,9008666911391 357,2072227713208 610,1843983583979 397,85047442475167 345,11737133908514 356,23728047468586 676,4037255958899 368,5986977730659 738,2533440493175 212,19802072592478 593,8972975186872 691,330601087497 278,18339274658365 
828,8262785409256 372,0215047547655 862,0812026717668 744,9241572133367 422,4038352098617 211,29126815843574 746,8400096406191 500,9530916163708 251,745903640953 201,63581031156147 392,2269751049767 437,0411879903312 339,84113935778873 292,97098832478275 721,4055724763983 289,167771371569 720,1090195241273 536,2098469815712 381,8481373530582 586,5807702269143 472,1493407810711 889,0950455378772 382,1583441454602 320,09529830973776 463,246154868014 580,5945228815029 595,010083948163 472,4118965479172 127,90621564255585 218,11235636707977 408,57924567946424 467,18411788073445 151,0529708413575 687,2735990855462 725,8002480021621 863,1135498878465 731,0184676189788 911,0927504925061 169,49926253526885 130,83195328359201 359,9180462271932 820,0792644616738 626,1317752677945 190,0973434848578 718,6438617284642 357,76109346881196 744,3419912916374 313,9585959963511 677,4555335961173 538,1124417814552 486,26330315992385 782,7962697918277 898,0089086417796 826,4823047107542 284,96491012052695 448,33246592233314 0 535,5613877045282 666,4082832618454 612,8074738447631 510,14115693599945 539,8073730507948 68,26419266350405 139,51702405083043 717,899714444852 712,2534661200323 324,7845439672276 362,59205727649356 321,9254572102057 656,640693225755 266,865134478073 314,79675983084707 646,3946163142141 890,8495944883176 660,1469533369067 108,664621657649 514,7358545895166 436,6062299143245 268,1063221932672 669,5102687786051 244,49948875202173 655,5425234109531 518,7465662536958 116,3872845288522 364,01236242743187 547,5216890681136 582,6559876977152 425,5643312120977 650,9938555777619 775,0954779896474 269,31951284673005 639,3066556825448 621,7523622793885 284,2903445423358 446,6587063967297 99,70456358662827 622,9028816757874 566,3585436805911 301,582492860577 314,2292157008956 610,2753476915154 
299,2072860075436 352,1959681768092 328,1249761904753 218,56349191939628 572,2630514020628 745,4837355704013 311,87818134649945 352,95325469529246 602,9543929684897 339,3302226445502 300,9584688956269 415,1782749614917 457,19361325372864 522,1206757062969 251,20509548972132 490,2448367907611 251,2866888635369 472,61929710920606 916,8914875818185 543,3240285501829 63,8200595424354 353,63823322712153 344,52430973735363 616,8865373794439 82,71033792700887 558,5194714600378 613,5315802792877 238,88281646028875 660,1469533369067 403,3422864020087 294,0153057240388 218,51544567833184 453,47657050833396 164,53874923555242 271,8896835115301 351,15950791627444 681,5409011937581 378,42304369580876 618,0517777662321 545,6198310178984 466,0010729601382 294,70663379028304 629,6229030141772 380,1907416021595 281,7605366264055 484,05061718791353 233,13729860320507 223,2129028528593 334,11375308418536 30,610455730027933 380,61266400370863 247,4914139924858 366,3249923223912 293,21152774063984 251,81143738917024 266,7208278331484 535,5613877045282 0 209,34660255184463 675,8054453761082 359,90276464623054 440,21131289415996 498,01405602653426 671,0536491220355 677,0184635591559 420,99049870513704 235,28068344001383 272,44265451650557 304,9622927510875 121,0826164236634 791,1390522531422 221,14474897677312 113,718951806636 358,6153928653928 636,3521037916038 469,6147357142874 450,8802501773614 333,83978193139296 620,0459660380027 429,94185653411324 330,1060435678208 697,7119749581485 221,96396103872357 431,8564576337837 398,1017457886865 21,213203435596427 58,05170109479997 189,51780918953236 618,9450702606815 297,5449545866977 769,8084177248259 133,5402561027947 606,0379526069304 572,081287930308 556,8069683472002 436,033255612459 546,4521937004188 97,65244492586962 533,1885220069914 663,8328102768046 531,2946451828777 
212,82152146810716 365,75948381415895 260,161488310626 146,05478424207814 558,7530760541727 864,3749186550938 102,61578825892242 561,7419336314497 783,7576155929842 493,69727566596924 506,8747379777375 623,574374072572 473,36244041960066 556,6075816946801 55,00909015790027 683,1237076840475 379,969735636932 681,5577745136504 1034,054157189071 751,7692465111884 252,55692427648862 300,0166662037294 354,0692022754874 807,2552260592681 282,44822534404426 475,53128183117457 822,7496581585434 448,1439500874691 794,2921376924236 582,5916236953635 301,42494919963076 427,8562842824679 619,7878669351313 256,09568524284043 406,92259706238974 398,3779612378175 886,7062647799439 293,1381926668717 780,6215472301543 637,6025407728548 668,0726008451477 325,3459696999488 838,4157679814949 547,3728162779003 72,44998274671983 685,4582408870725 316,39374203672236 384,87660360172583 512,275316602313 235,46761985462035 326,5455557805067 240,10414407085938 277,41665415039523 228,1074308302998 408,58903558465687 255,9726547895302 666,4082832618454 209,34660255184463 0 885,1513994792077 292,205407205274 359,73879412707214 645,3836068571931 789,0659034580065 561,8896688852715 247,315587862957 418,5271795236242 320,4886893480018 500,25593449753296 182,20043907740728 932,6290795380552 378,30807551518114 208,58091954922435 273,77545543748073 535,1579206178303 577,2936860905374 384,17834400184506 313,3448579440869 802,0355353723425 623,2046212922365 506,32005688102066 906,8384641158534 428,08643986933293 551,4943336064297 601,568782434727 219,5449840010015 224,11604137142882 395,9608566512604 826,5307011841726 108,6876257906115 859,5190515631401 272,34720486907884 514,3889578908163 612,2099313144143 763,1539818411485 572,9232060232855 753,1719591169071 119,33985084622823 726,1762871369458 848,999411071645 430,04185842775814 
911,7686109973297 830,3475176093441 914,289341510662 855,4793977647854 986,339698075668 730,441647224472 987,6644166922285 326,16713507035007 388,6450823051798 545,134845703336 389,23643200502187 267,52943763257156 870,0028735584727 865,2727893560505 924,8702611718035 327,22622144320894 632,4634376784163 207,8942038634074 835,4046923497617 148,86235252742716 639,7702712693049 915,1770320544545 833,1146379700696 320,0312484742701 607,7910825275409 1088,7446899985323 68,26419266350405 437,2482132610721 634,0544140686981 435,21488945117676 818,1197956289775 457,3182699171333 475,8024800271642 708,2174807218472 614,1376067299575 780,1294764332392 156,92354826475216 963,018691407389 494,4461548035337 736,5717887619645 273,87953556262653 790,4587275753238 73,06161783043132 491,01120150155435 957,5510430259058 267,4060582709375 711,1582102457934 574,4292819834309 473,1437413725347 650,5628332451831 930,1747147713703 819,7054348971952 958,2301393715395 891,4033879226621 571,4630346750348 828,5801107919499 612,8074738447631 675,8054453761082 885,1513994792077 0 932,2580114968173 999,2061849288164 548,3803424631485 699,9685707230004 1230,8635180230178 1072,1128671926292 515,9573625795061 761,1911717827526 427,8001870032317 743,9206946980303 659,0371764931019 585,0213671311502 716,1319710779571 949,2323214050394 1176,3881162269533 673,145600891813 989,8565552644484 866,7664045173879 381,9031290785662 356,0407280073447 480,1260251225713 43,73785545725808 463,8156961552724 635,1322696887634 315,635866149587 666,7600767892451 671,2056316807838 493,71246692786684 114,0175425099138 966,7864293627626 846,2458271684417 659,2799102050661 1138,0039542989296 877,410964143941 168,9644933114647 583,9674648471437 172,97687706742772 769,69149664005 311,4113035841827 365,0054794109261 1092,2934587371656 
505,023761817204 138,2316895650198 552,2934002864781 434,2948307313823 271,28029784707917 670,4386623696458 314,2005728829914 648,6740321609923 706,2719023152486 413,0435812356851 549,5179705887697 668,4915855865353 213,3541656495134 300,83217912982644 333,36166546260233 649,5182830375139 606,1988122720136 756,0720865102745 828,2149479452783 828,4352720641486 345,77015487170087 591,8868135040685 128,00390619039717 752,9575021208036 373,36978988664845 199,2636444512646 882,1026017419969 540,707869371253 627,9140068512567 529,3099281139548 116,77756633874505 520,0240379059414 532,4631442644645 497,1327790439894 629,0071541723512 670,2693488441793 981,4682878218736 584,4193699733095 664,1882263334694 432,20018509945135 669,0209264290617 600,1416499460773 905,7952307227059 476,2404854692637 298,28342226815084 681,5753810107874 567,4830393941303 357,8295683701949 688,7336204948906 388,6811032195931 36,87817782917155 521,3233161867978 568,626415144425 519,6585417367831 362,74095440134687 106,21675950620975 510,14115693599945 359,90276464623054 292,205407205274 932,2580114968173 0 80,32434251209281 519,029864266017 600,0308325411287 320,52457004105 206,72929158684795 416,6929325054602 174,89711261195822 504,51560927289455 424,42549405048703 766,6452895570415 347,2419905483782 439,31082390489763 565,4281563558716 276,87181149405586 402,715780669196 95,02105029939419 74,81310045707235 725,6783033824286 768,505042273634 463,34436437707967 964,5911050802822 548,3885483851756 399,66235749692515 617,2139013340513 380,8411742445924 411,83006204015754 465,03010655225324 907,68111140422 375,45838650907774 631,0697267339007 485,78287330864185 246,16254792311523 355,287207762959 777,6297319418799 442,8148597325975 844,3814303974241 288,4614358974177 687,8517282089215 776,6028586092121 173,6663467687393 
571,2241241404288 177,53872816937718 619,1219589063209 504,6028141023393 230,28894893155424 680,8024676806041 365,37378121589404 723,2993847640132 752,6486564128046 468,47945525924615 620,8655248924682 738,0819737671419 212,4241040936739 293,6800980659057 395,4870415070512 706,7121054573779 685,9365859902795 828,2421143602878 830,469746589242 900,1938680084419 425,31517725094176 659,3891112234111 171,29214809792072 803,7692454927595 452,3593704125073 119,94165248152953 951,2039739193692 617,158812624433 650,0276917178221 585,7960395905728 181,79383927955314 596,7285815175942 581,2271500885003 575,5215026391281 708,94992770999 746,0328411001757 1054,280797510796 647,9706783489512 701,3201836536576 446,0100895719737 732,0689858203256 675,0896236797008 975,7668778965599 530,879459011177 354,4925951271761 743,5758199403743 645,4866381266153 426,1384751462839 768,7197148506079 469,00426437293726 69,31089380465383 594,4156794701836 632,1676992697428 587,7695126493037 427,7627847300417 182,84966502567076 539,8073730507948 440,21131289415996 359,73879412707214 999,2061849288164 80,32434251209281 0 557,8422716144771 614,2906478207201 241,9008061168875 217,60744472558838 486,00925917105735 238,0273093575609 571,8356407220522 502,02091589892945 785,6519585668962 415,51052934913696 517,8899496997408 629,6641962189052 196,69773765857096 431,1473066134126 33,83784863137726 132,5481044753187 771,9229236134913 846,8600828944531 524,2022510443846 1032,8097598299505 626,6562055864443 436,3782762695687 683,5736975630352 461,1333863428238 491,8861656928359 540,8003328401343 979,3635688547946 432,4869940240978 626,447922815616 565,5377971453368 165,93974810153233 343,4020966738555 841,1896337925236 483,9225144586683 917,6709649978036 367,14302390213 743,2953652485666 822,8268347592949 95,60334722173695 
795,427557983755 383,3797073398643 826,1162145848489 712,4071869373582 465,63612402819433 263,4539808012018 731,4711204141965 434,99195394857594 203,57799488156869 158,68522300453813 328,89207956410263 369 370,29717795305976 336,7432256185713 700,0242852930176 222,73302404448245 667,4346409949067 467,9626053436321 429,23653153011105 518,5219378194138 434,1946568072896 851,0052878801636 392,16450629805854 267,0748958625651 421,5269860874865 610,9418957642372 528,4174486142562 412,7820248024373 165,95180023127196 151,60804727981954 410,0597517435721 409,20532743355136 83,02409288875127 643,1337341486606 671,4715183833191 814,3838161456796 663,7589924061293 876,1563787361249 145,27904184706065 188,8200201249857 292,02225942554446 775,0212900301514 559,422023163193 131,2288078129189 702,2001139276467 290,3945591776816 696,9397391453582 274,8708787776544 615,9561672716655 497,2574785762402 499,11922423405014 743,2428943488125 863,6897591149267 791,0379257658889 246,5866987491418 445,5939855967538 68,26419266350405 498,01405602653426 645,3836068571931 548,3803424631485 519,029864266017 557,8422716144771 0 197,80040444852483 751,3188404399293 715 275,2180953353177 358,50383540486706 260,5379051117131 618,4116751808621 293,1637767528587 277,72108310317384 605,8068999276915 856,1804716296675 693,6353508869051 139,26952286842948 535,7210094816144 444,2848185567452 221,75887806353998 603,3837916285123 187,48866632412745 590,7452919829324 460,41937404935516 121,56479753612885 296,13679271579883 508,01574778740866 541,350163941972 371,6517186829626 583,5589087658589 753,6424881865406 335,05969617368186 593,2630108139223 654,7213147591882 336,68531301498734 381,0774199555781 77,02596964660685 554,6927077220323 539,0083487294052 238,40302011509837 271,189970316013 635,0307079189163 
960,6924585943204 464,05279872014563 995,566672804991 876,4753276618801 450,0244437805573 75,45197147855052 863,1483070712703 630,835160719502 313,38315206788 340,84600628436294 526,6355476038434 558,4048710389263 402,54813376787627 331,27179173603054 843,9484581418465 394,06217783491985 859,6243365563821 653,2258414974104 246,75696545386515 696,2327197137463 608,1529412902646 1023,8188316298933 475,5502076542497 384,6348918130023 600,841077157679 630,4641147599124 692,9646455628166 609,9458992402523 70,178344238091 348,08045047086455 511,941402896855 605,5278688879646 277,5031531352392 825,2126998538014 865,2103790408435 1002,210556719495 831,7818223548769 1043,7839814827587 207,99278833651903 168,57639217873896 471,128432595614 958,1821329997758 724,3604075320517 327,438543852125 836,3372525482768 465,0526851873882 883,2043931050162 451,45210155674323 813,7180101239004 675,1148050517038 571,0035026162274 918,5450451665395 1030,3130592203518 959,7270445288077 422,48076879308957 555,4178607138953 139,51702405083043 671,0536491220355 789,0659034580065 699,9685707230004 600,0308325411287 614,2906478207201 197,80040444852483 0 757,2086898603317 806,5048046974053 464,2843956025229 474,13078364518793 458,1539042723526 792,021464355607 174,26990560621763 451,5683779894248 782,9667936764624 1023,4109633964256 700,788841235361 211,85136298829894 584,9888887833682 530,7956292208895 323,669584607513 798,6344595620702 382,8276374558138 743,6430595386472 656,9786906742105 240,9834019180574 487,44435579869014 683,9042330619105 719,7117478546533 564,9247737531077 753,8408320063328 897,324913283923 147,10540438746634 777,9113059983124 664,669090600729 299,0685540139585 542,3513621260668 237,86130412490385 735,0027210833985 695,2014096648539 394,18396720313217 357 670,3946598832661 
760,000657894452 400,5246559202067 808,0222769206305 706,7248403728286 307,4296667532267 811,2213014954674 532,024435529046 963,8931476050652 953,7651702594303 689,9949275175869 858,972642172031 973,9656051421939 381,0301825315155 429,6836045277967 583,2478032534714 926,2969286357372 916,8451341420753 1066,5894242865902 934,0085652712185 1137,98462204021 666,2469512125365 849,0288569889718 398,11681702736445 1011,7079618150684 693,8508485258197 143,0034964607509 1185,8199694726009 858,8113879077291 807,7747210701756 806,2015876937976 420,57698462944927 838,470631566783 790,2284479819743 800,8926270106374 941,0940441847456 959,8275886845512 1292,9346464535631 826,8313008105099 886,8562453971895 600,7503641280628 959,8150863577838 887,0186018342569 1211,3830938229244 749,8086422548089 533,0037523320075 969,7716225998779 868,6339850592999 662,6507375684419 1008,5286312247164 706,5868665634821 309,6837096135346 801,9538640096449 811,5417426109393 781,2073988384902 661,1542936410532 424,7469835090062 717,899714444852 677,0184635591559 561,8896688852715 1230,8635180230178 320,52457004105 241,9008061168875 751,3188404399293 757,2086898603317 0 338,74031351464504 722,9280738773394 473,9419795713395 806,1215789197062 725,4247031911721 931,0257783756581 652,0927848090331 744,6408530291633 811,0369905250931 57,77542730261716 613,9218191268332 243,28789530101986 370,91912865205535 972,4325169388362 1088,6946311982988 751,4572509464527 1266,0695083604217 868,4987046622465 632,3242838923711 915,965610708175 697,5385294017815 725,8897987986882 782,2307843597055 1216,9326193343657 605,8456899244229 724,017264987514 797,2107625966925 96,60227740586657 458,3939353874569 1068,8629472481493 684,301833988482 1156,949437097404 596,4176389075025 959,7020370927635 1022,3776210383323 146,86047800548656 
426,07511074926686 343,02332282222443 473,44799080786055 382,6865558129786 447,6293109259044 877,1505001993671 195,25624189766637 762,7273431574353 892,058854560617 592,0354719102564 682,9238610562674 804,6030077000706 416,63533215511137 502,8130865440954 254,18300493935467 819,1123244097845 625,974440372768 879,2690145797246 1034,4703959031403 951,8035511595867 438,2921400162225 514,2616065778195 331,93071566216946 931,9624455953148 470,425339453563 296,5889411289639 1015,2290381977851 648,0154319150123 832,5893345461494 702,9722611881638 305,08031729365956 626,6370560380227 717,8147393304208 502,73850061438503 652,5710689265959 639,8406051510017 1097,032816282175 489,14721710339927 860,0470917339352 638,880270473271 825,1496833908379 566,6506860491744 1035,1656872211327 654,4814741457545 201,2212712413874 840,0380943742969 563,6488268416781 512,0244134804511 748,52989252267 451,27596878185307 238,29603437741048 479,525807438974 474,0516849458506 449,16144090961325 525,37605579242 270,9778588741154 712,2534661200323 420,99049870513704 247,315587862957 1072,1128671926292 206,72929158684795 217,60744472558838 715 806,5048046974053 338,74031351464504 0 564,0301410385796 357,50524471677335 653,8539592294292 427,7242102102709 971,9362118987027 502,29871590518724 452,4345256498447 474,0042193905029 327,3912033027155 606,3010803223099 251,40007955448223 276,6839352040519 911,4120912079234 850,7155811433101 630,600507453015 1099,6022007980887 640,3444385641216 598,9098429646987 765,5403320531192 437,70423804208247 454,47222137332 581,0421671445197 1029,828141002177 269,2248131209306 835,374167663808 513,8248728895868 319,22562553780045 555,474571875257 930,1747147713703 638,003134788537 960,1400939446285 324,56894491001447 860,035464385045 961,8258678159992 237,67414667986083 
533,8108279156578 326,0751447136074 559,9473189506313 453,84248368789804 517,6736423655352 535,2018310880485 517,0348150753487 249,20072231034965 368,89700459613385 124,35433245367851 136,60527076214885 252,1269521491108 392,3786436594122 421,19947768248716 469,26005583258416 265,1207272168662 395,4971554891388 343,91859501922835 703,6909833158302 415,06144123490924 174,04022523543227 581,743070435738 326,44141894067303 388,7415593938986 153,44705927452634 583,4937874562162 465,5491381154088 169,07394831847986 441,0725563895355 168,23792675850473 304,2170277943035 156,46085772486356 220,27255843613383 369,0094849729475 402,1256022687439 539,4237666250904 570,2780023812948 611,117828245912 384,38652421748606 374,2325480232846 261,21638539724114 500,18896429249617 489,7775005040554 148,4048516727132 486,01646062659233 276,5248632582611 421,7226576791909 60,30754513325841 372,4902683292545 228,25424421026653 416,70253178976486 472,8900506460249 599,7374425529891 526,0152089055981 69,6419413859206 312,6227758817326 324,7845439672276 235,28068344001383 418,5271795236242 515,9573625795061 416,6929325054602 486,00925917105735 275,2180953353177 464,2843956025229 722,9280738773394 564,0301410385796 0 249,0461804565571 89,96110270555825 351,2406582387637 564,7884559726765 70,83784299369935 335,393798392278 591,7381177514255 670,7883421765766 290,5804535752534 479,7707786016151 353,598642531331 386,46345234704927 401,46357244462416 95,29428104561154 547,8987132673337 206,34194920083507 244,53425117966603 202,64747716169575 241,04978738841484 270,83020511013905 104,4030650891055 494,01619406655084 520,4613338183731 583,6300197899351 318,3111685128249 633,6031881232922 456,195133687329 366,5474048469038 227,86399452304877 435,2022518324095 300,50124791754195 308,0405817420815 431,8761396511736 580,538543078752 
513,078941294612 85,37564055396598 554,6250986026507 430,4706726363597 303,19960422137757 548,733997488765 389,08225351460067 492,0254058481127 536,1277832755918 239,0983061420553 385,0519445477454 500,66355968853975 184,83776670366908 252,77064703006954 374,42355695121535 474,68410548490033 520,3172109396344 592,6617922559207 716,436319570693 664,0632499995764 231,01947969814148 589,132412959939 81,70679286326198 579,937927712958 248,93774322107123 335,41168733364077 713,4423592694787 392,20657822122257 488,0379083636844 354,682957019364 58,137767414994535 373,1058830948663 361,7070637961056 434,67689149528064 538,2685203502059 620,7688780858783 819,0219777270937 597,54581414315 503,09939375833085 317,619268936883 495,1545213365218 559,1073242231763 738,3291948717726 302,3375596911505 362,6844358392017 507,29281485154115 504,74746160827794 188,83061192507955 566,4212213538614 293,53705047233814 169,01183390520322 495,9727815112438 582,6843056063892 518,7407830506485 189,805163259591 87,09190547921202 362,59205727649356 272,44265451650557 320,4886893480018 761,1911717827526 174,89711261195822 238,0273093575609 358,50383540486706 474,13078364518793 473,9419795713395 357,50524471677335 249,0461804565571 0 333,86374466239965 375,6620821962206 628,2435833337257 178,24140933015536 379,2268450413288 577,1048431611018 422,3091284829159 263,31919793285107 230,72927859289987 105,60303025955268 555,533977358721 627,7969416937295 288,59140666346946 794,8364611666981 410,2645487974802 246,5461417260469 445,56705443737644 292,6380016334174 330,49205739321485 314,83964172257595 743,0558525440736 426,86766099108513 539,0732788777422 405,6131161587357 385,6228727656076 305,447213115458 604,0736710037941 281,51376520518494 683,2722736947549 248,16325271885037 513,2767284808459 606,2482989666858 331,80265218952064 
596,7285815175942 406,43326635500694 618,0129448482451 520,4959173711163 584,5109066561547 523,2590180780452 600,5414223848343 190,3943276465977 303,4007251144928 148,94629904767692 73,00684899377592 168,51409436602032 461,17241894978935 477,51439768869795 549,0737655361072 185,28356645962967 416,5585192983094 266,3400082601185 685,2065382058172 334,91043578843585 249,28898892650673 635,5737565381378 408,1041533726409 312,0208326378224 222,76669409945464 665,2232707895898 379,7959978725421 152,81688388394784 422,24637357827004 118,3427226321923 390,43693472826055 151,64761785138597 186,65744024817226 415,8088503146608 417,2792829748441 570,4533285028671 491,04785917464295 669,8074350139748 339,7675676105652 400,1012371887895 171,84004189943624 541,1413863307814 405,31099170883584 132,00378782444085 569,4778309995921 187,7578227398262 458,4157501657202 146,7310464761974 355,6880655855633 291,2953827303138 502,6728558416498 526,5529413078992 659,6605187518804 585,7926254230246 144,97241116847025 401,42994407492824 321,9254572102057 304,9622927510875 500,25593449753296 427,8001870032317 504,51560927289455 571,8356407220522 260,5379051117131 458,1539042723526 806,1215789197062 653,8539592294292 89,96110270555825 333,86374466239965 0 412,0449004659565 532,3579622772633 157,29272074701996 392,01275489453144 651,2641553164123 752,8412847340401 318,10061301418455 563,7242233574854 439,30058046854435 319,23189063751136 356 82,02438661763951 460,9772228646444 201,6382900145704 271,2231553536681 113,01769772916099 306,11109094575454 329,5147948120084 128,50291825480073 412,8353182565658 598,8029726045121 590,5294234837075 362,067673232505 715,0524456289902 505,26131852735375 276,5863337187866 237,77510382712484 359,20467702968455 381,064299036265 228,25424421026653 360,5551275463989 665,5463920719577 
184,69434208984313 448,0903926664797 208,75104790156144 113 664,4456335923956 866,5200517010555 270,542048487846 418,18297430670225 714,4403404063911 459,80213135652167 394,1433749284643 497,0010060351991 557 628,4051241038698 199,01004999748127 595,6148084122825 198,25236442474022 536,2182391526793 1037,9523110432385 602,2242107388245 184,62935844550833 232,69937687926884 438,75505695091425 722,6963401041962 198,25236442474022 621,9011175420093 678,1695953078404 314,00636936215164 781,0640178628125 517,6118236671183 384,9597381545244 297,2036338943385 571,1829829397931 75,96051605933177 224,95555116511352 248,91765706755317 725,8877323663763 259,88651369395836 735,5576116117622 664,0030120413611 562,0142346951721 183,74166647769363 689,7796749687541 498,3753605466466 246,1097316239242 580,706466297733 143,69411957348845 343,9026024908797 334,61171527607934 123,00406497347964 452,0276540212999 126,66885963013956 248,71871662583015 174,8656627242753 372,63386856269517 348,89683288903615 656,640693225755 121,0826164236634 182,20043907740728 743,9206946980303 424,42549405048703 502,02091589892945 618,4116751808621 792,021464355607 725,4247031911721 427,7242102102709 351,2406582387637 375,6620821962206 412,0449004659565 0 911,385758062962 342,11693907200794 29,068883707497267 240,60756430336932 691,841744909918 589,4005429247584 519,2783453986889 416,64613282736707 730,8214556237385 451,6159873166582 446,5344331627741 760,2506165732456 280,4514218184675 552,4499977373517 493,28288030297585 110,6752004741803 82,56512580987206 286,93204770467867 672,501301113983 229,4558781116753 888,8205668187477 93,74433316206373 665,9737232053529 680,4851210717248 643,1990360689294 557,0960419891709 597,3985269483011 137,3644786689776 637,9130034730441 772,5729738995534 585,1367361566013 
1088,4851859350222 629 1119,2573430628008 1005,3024420541312 623,6537500889416 128,1288414058287 1013,6986731766003 674,9496277501011 285,49080545614777 451,83404032896857 590,0211860602973 585,7798221174916 575 505,47898076972496 987,5854393418323 408,27074350239695 948,6031836337047 665,9804801944273 177,02259742756007 692,567686222798 727,3238618387272 1143,858819959876 640,0078124523169 343,70045097439134 714,0028011149536 804,7167203432522 669,215959164155 683,1046771908387 140,24621207005913 414,01690786729955 671,6085169203857 683,878644205242 347,89941074971654 933,7976226142365 949,6130791011674 1100,258151526268 806,7868367790838 1169,319887798031 198,82907232092595 340,00588230205665 486,1645811862481 1064,643132697525 699,5112579508639 416,64613282736707 985,4998731608239 474,01687733666193 984,7842403288143 568,0325694887574 874,58618786258 789,8012408194862 739,340922714278 1035,8093453913225 1156,8357705396215 1084,2001660210167 539,725856338197 712,960728231226 266,865134478073 791,1390522531422 932,6290795380552 659,0371764931019 766,6452895570415 785,6519585668962 293,1637767528587 174,26990560621763 931,0257783756581 971,9362118987027 564,7884559726765 628,2435833337257 532,3579622772633 911,385758062962 0 570,8134546417069 898,2321526198002 1149,3389404348918 874,7828301927285 366,7492331280326 757,1116166061646 695,2596637228424 285,1596044323249 834,4848710432083 472,02648230793153 702,000712250351 732,942698988127 383,0939832469312 524,5035748209921 800,8701517724331 833,6576035759525 654,7869882641224 735,4250471666028 1041,2963074936931 253,71243564319033 882,779700718135 838,8235809751654 472,64786046273395 525,0380938560554 360,4941053609615 734,1913919408208 830,0150601043333 389,9089637338439 294,0425139329345 844,1474989597493 
517,706480546651 255,72055060162842 548,839685154053 434,77005416656743 452,3052066912341 525,4188805134432 472,34415419268186 317,71842880135233 406,5968519307546 119,47384651043926 207,2510554858527 322,5926223582926 326,73077602209435 362,86223281019477 431,5101389307093 317,90721916936707 421,54477816715985 414,71194822430664 696,5292527956022 485,8991664944487 157,49285698088025 574,7703889380524 255,80070367377803 435,96559497281436 149,6262009141447 512,7231221624396 535,7406088770946 228,00877176108818 439,00455578501686 207,0024154448445 233,77339455121918 211,91035840656775 241,89667215569543 374,0401048016108 432,29735136824513 554,2165641696394 641,081118112209 598,6192445954273 404,6245172996812 339,3287491504367 324,7768464653846 507,09860973976254 560,2856414365801 169,09760495051373 441,72615951514575 338,7742611238345 434,33167050078214 10,63014581273465 423,01891210677564 223,55759884199867 346,2268042771963 468,05234749972146 586,0418073823744 513,5854359305762 31,304951684997057 244,38698819699874 314,79675983084707 221,14474897677312 378,30807551518114 585,0213671311502 347,2419905483782 415,51052934913696 277,72108310317384 451,5683779894248 652,0927848090331 502,29871590518724 70,83784299369935 178,24140933015536 157,29272074701996 342,11693907200794 570,8134546417069 0 331,6398649137344 578,5844795706155 599,9808330271893 258,11818998280614 408,95231995918544 283,01590061337544 425,20583250938597 464,281164812875 131,24404748406687 617,6900517249732 257,4975728040946 216,0671192014185 270,1481075262235 232,72515979154468 268,1510768205118 153,9415473483361 564,8451115128819 484,35730612844065 558,3994985671101 328,3900120283807 562,8507795144287 402,24370722237535 432,1770470536352 215,1278689523977 505,81913763715977 265,31679177918613 359,70682506730395 473,34237080574144 509,86370727871974 
206,52602741543257 454,61412208597307 226,11943746613204 139,60659010233005 672,7770804657364 857,0239203196139 298,9180489699476 390,7172890978847 695,1560975780907 447,6393637740095 370,66966425646433 471,1528414431988 562,4464418946927 631,3049976041691 227,62249449472256 574,3587728937375 174,42763542512407 508,32765024145596 1028,1682741652749 573,917241420747 174,9771413642365 246,34934544260514 445,7947958422126 701,3251742237691 184,28510520386612 637,824427252516 650,1699777750431 288,20999288713085 769,6037941694415 500,0729946717779 392,7658335446198 272,0606550017845 555,6662667465067 58,008620049092706 200,47942537826668 241,6298822579691 696,9146289180619 277,8488797889961 719,6110060303414 659,3367879922976 538,4468404587402 181,57092278225608 661,465796545823 483,4263128957711 273,97992627198073 557,2297551279903 129,0620006043607 332,5838240203513 306,10455730027934 108,57716150277645 465,47395201020646 137,63720427268203 267,67517628648346 193,86851214160592 361,53146474408004 358,9428923937623 646,3946163142141 113,718951806636 208,58091954922435 716,1319710779571 439,31082390489763 517,8899496997408 605,8068999276915 782,9667936764624 744,6408530291633 452,4345256498447 335,393798392278 379,2268450413288 392,01275489453144 29,068883707497267 898,2321526198002 331,6398649137344 0 259,25470101813005 709,6055242175049 583,069464129275 533,7349529494953 426,9859482465436 711,2137512731317 422,6038333948238 430,4811261832509 732,0341522087614 253,14027731674784 544,7127683467683 469,75419104037803 99,08582138732059 64,63745044476924 265,34694269955327 643,8516909972358 258,5207922005501 883,4438295669963 65 682,7547143740569 682,440473594584 617,6811475186854 546,6964422785281 568,6914805059066 150,8509197850646 616,3651515132892 752,1183417521474 602,9610269329188 
64,03124237432849 633,7736188892687 35,05709628591621 147,80054127099805 832,4061508662703 1098,557690792796 279,1146717748818 631,7507419861096 954,3233204737271 697,5514317955343 627,5388434192739 720,6899472033726 743,1049723962288 823,7432852533609 234,29255216502295 833,261663584735 324,3763246601083 743,0329736963225 1270,126371665434 801,8541014424009 422,30320860727545 51,73973328110612 622,5640529294958 960,0927038572889 438,47462868448844 741,5935544487965 881,4136372895532 540,1073967277249 1016,8780654532775 758,1886308828431 568,4804306218465 526,1729753607648 811,4197434127419 245,507637355745 348,04166417255277 226,45970944077447 904,3655234472398 20,518284528683193 975,9041961176312 885,4106391951702 794,5615142957781 174,24408167854654 887,8963903519374 738,3887864804016 279,7320146139873 813,4715729513847 240,7072911234722 581,3406918494525 491,66350281467913 363,5849281804734 600,1708090202321 130,64838307457157 9 65,7419196555744 609,619553492176 524,6189093046495 890,8495944883176 358,6153928653928 273,77545543748073 949,2323214050394 565,4281563558716 629,6641962189052 856,1804716296675 1023,4109633964256 811,0369905250931 474,0042193905029 591,7381177514255 577,1048431611018 651,2641553164123 240,60756430336932 1149,3389404348918 578,5844795706155 259,25470101813005 0 792,5938430242819 815,9148239859354 655,916153178133 585,4929546971509 970,4473195387785 618,7479292894644 687,0262003737557 959,1376335020955 498,7955492985077 782,4736417285889 726,1542535852833 350,76630396889607 322,37400639629743 524,3605629717017 863,8066913378248 205,19746587129188 1110,5178971993203 298,9180489699476 776,4566955085132 878,6626201221945 867,6203086604186 792,0101009456887 788,670400103871 331,85087012090236 875,0502842694242 1011,30460297578 691,2980543875412 
738,9756423590699 346,5284981065771 787,2140750774214 681,0594687690642 251,67637950352037 755,794945735945 515,228104823485 913,7264360846741 896,1841328655624 634,3004020178452 807,1678883602841 921,0238867695018 323,37284981890485 372,4003222340174 561,1559498036174 870 879,9869317211478 1014,6925642774761 881,4136372895532 1085,7370768284557 621,8239300638083 828,176309731207 344,814442852964 954,3903813429806 648,463568753095 87,68124086713189 1132,2389323813238 810,2993274093222 750,6650384825444 750,1499850029993 370,563085047607 790,2284479819743 733,1473248945263 766,6192014292363 903,5684810793258 930,7980446906837 1241,0616423046843 809,2391488305543 829,0838317082296 543,4013249891833 904,7016082665046 858,5406222188907 1158,14031965043 693,6692295323471 512,9571132170797 914,3659005015443 835,5028426043804 610,481776959804 965,4014708917736 665,3848510448671 261,8587405453559 774,8367570011118 793,7115345010428 758,8076172522256 607,9087102517943 378,38076061026146 660,1469533369067 636,3521037916038 535,1579206178303 1176,3881162269533 276,87181149405586 196,69773765857096 693,6353508869051 700,788841235361 57,77542730261716 327,3912033027155 670,7883421765766 422,3091284829159 752,8412847340401 691,841744909918 874,7828301927285 599,9808330271893 709,6055242175049 792,5938430242819 0 556,1600489067872 193,05180651835403 321,1744074486633 914,8251198999731 1042,0259113860845 696,552941275823 1212,0107260251455 821,9026706368583 574,8077939624688 861,9634563019479 657,1651238463587 687,0589494359273 733,3464392768263 1164,5209315422373 588,1742938959505 671,2413872818034 759,7953671877711 39,11521443121589 402,3493506891741 1013,6320831544352 626,8883473155328 1105,5541596864443 559,7856732714763 903,0404199148563 964,7269043620583 106,70520137275409 
752,6599497781186 264,48440407706465 789,1767862779543 668,3711543745735 326,5593361090753 287,08883642524313 651,8481418244589 507,9468476130155 342,81190177705327 171,74690681348528 391,0626548265636 463,246154868014 233,62362894193728 198,17164277464119 632,1471347716448 346,4130482530934 678,8851154650542 565,6368092689867 457,1389285545479 624,5678505975152 408,63308725554765 819,0689836637694 274,96363395911106 405,7647101461634 406,3065345278119 474,8578734737374 645,8211826813982 455,2592667920116 226,71568097509268 244,6160256401857 304,8688242506931 445,3818586336898 197,77006851391846 629,3623757423063 688,3966879641418 811,712387487095 776,2087348130012 836,3791006475473 273,86493021195685 83,74365647617735 404,82712359722143 762,1351586168952 675,953400760733 196,0025510038071 624,7631551236036 407,53036696668386 691,6798392319961 260,7565914794869 661,430268433491 477,4484265342174 378,02116342871597 715,99022339694 822,5448316049406 753,1434126379916 233,33452380648689 346,6554485364394 108,664621657649 469,6147357142874 577,2936860905374 673,145600891813 402,715780669196 431,1473066134126 139,26952286842948 211,85136298829894 613,9218191268332 606,3010803223099 290,5804535752534 263,31919793285107 318,10061301418455 589,4005429247584 366,7492331280326 258,11818998280614 583,069464129275 815,9148239859354 556,1600489067872 0 406,252384608386 329,8620923962012 360,86701151532264 674,047476072717 236,21176939348302 714,204452520425 496,2358310319802 47,095647357266465 390,3857067055606 484,40066061061475 521,7202315417718 394,93923583255184 695,4315207121402 685,4932530667243 300,9269014229203 585,6833615529811 517,4243906118072 204,26698215815497 504,20630698157674 89,96110270555825 656,883551323977 485,64390246352315 369,52943049234926 409,88291010970437 502,5733777270738 
596,5785782275458 161,4465855941215 644,2243398071823 527,803940871987 196,7587355112855 650,572824516979 395,2176615486712 721,002773919768 732,8198960181144 453,894260814124 615,7052866428872 731,1607210456535 182,4636950190366 261,69638897011936 422,2380844973603 692,0122831279804 699,2009725393694 823,3225370412255 798,6845434838464 894,7893606877543 431,3722290551398 684,193686027575 157,20050890502867 785,7353243936535 457,0098467210526 108,85311203635843 943,5189452257968 617,253594562235 622,5022088314225 571,1357106677887 177,62882648939615 597,2101807571603 562,9387178015028 591,6384030808007 721,5157655935177 765,288181014185 1049,657563208116 674,5138990413764 678,14526467417 417,1450587026053 720,623341281699 695,0949575417736 968,7404193074634 515,5385533594941 383,0195817448502 731,4656519618676 662,149529940179 419,52949836692056 775,4824304908526 478,87367854163796 70,51950084905593 615,877422869194 658,7025125198779 612,2221818915091 418,8961685191212 187,18172987767795 514,7358545895166 450,8802501773614 384,17834400184506 989,8565552644484 95,02105029939419 33,83784863137726 535,7210094816144 584,9888887833682 243,28789530101986 251,40007955448223 479,7707786016151 230,72927859289987 563,7242233574854 519,2783453986889 757,1116166061646 408,95231995918544 533,7349529494953 655,916153178133 193,05180651835403 406,252384608386 0 128,14054783713078 751,996010627716 849,4050859277921 512,2001561889649 1024,3461329062554 629,4132187998597 414,16542588680676 674,4138195499852 471,9968220231996 504,22316487840976 540,296215052447 973,7843703818623 460,9772228646444 593,9326561151526 578,8488576476592 158,31929762350515 310,57688259109045 829,8246802789129 463,00971912045213 913,6722607149677 382,9529997271206 727,6022264946693 802,7857746622071 103,1746092796091 
522,8020657954595 66,76076692189807 568,317692844416 445,862086300237 249,899979991996 602,4657666623059 356,046345297912 593,0134905716733 631,8172204047623 340,3527581789224 488,83637344207517 605,6071333793881 162,0524606416083 248,3646512690564 361,4318746319976 577,820906509967 584,8914429191112 696,3677189531404 763,3092427057333 768,1380084333804 307,5613759885984 606,2449999793813 55,31726674375732 679,2996393345134 331,58106097906136 235,92583580439003 818,6672095546517 489,18912498133074 555,932549865539 457,20017497809425 49,678969393496885 469,22063040748753 458,2401117318299 484,809240836022 605,7169305872175 665,5298640932651 922,5773680293702 605,2941433716338 589,4785831563348 364,2993274767331 600,4681506957717 598,3853273602219 843,2994723109935 403,3856715353187 335,243195307526 612,3610046369706 555,9802154753351 293,64093720052045 651,1351626198665 360,0722149791622 63,41135544995076 525,2780216228355 589,7126418858595 533,8951207868452 295,4081921680575 68,06614430096654 436,6062299143245 333,83978193139296 313,3448579440869 866,7664045173879 74,81310045707235 132,5481044753187 444,2848185567452 530,7956292208895 370,91912865205535 276,6839352040519 353,598642531331 105,60303025955268 439,30058046854435 416,64613282736707 695,2596637228424 283,01590061337544 426,9859482465436 585,4929546971509 321,1744074486633 329,8620923962012 128,14054783713078 0 651,2157860494476 721,9535996170391 393,24928480545265 900,2694041230103 502,22405358564816 325,22146300636433 551,1533361960172 355,0394344294729 389,7396566940552 412,1795725166399 847,2567497518093 408,9498746790369 570,8169584026039 465,56846972276804 285,91082525850607 304,1742921418574 709,4737486334501 368,01358670570846 786,2703097535859 279,6444170728248 615,5038586394077 702,1573897638619 227,00881040171106 
915,3731479566134 594,8857033077867 937,2432981888961 837,7977082804655 686,559538568943 348,69040709488985 897,4837045874426 413,1646161035574 19,4164878389476 319,97812425226823 354,45874231001835 315,8005699804863 591,4735835183174 557,2261659326489 854,1059653228046 145,57815770231468 720,5137056295321 385,3336216838598 461,8062364238924 407,70822900697016 560,2606536247214 954,4804869666011 602,3769583906742 61,98386886924694 537,3602143813775 831,387394660275 385,5723019097715 450,4442251822083 255,1960031034969 219,49487465542333 611,4981602588841 457,6046328436809 193,82982226685345 733,9005382202687 715,944830276747 878,7377310665566 524,1612347360305 989,0323553858084 115,69356075426151 398,84834210511644 214,00934559032697 856,0917006956673 416,307578600246 259,04825805243314 866,7929395190065 198,59506539690256 772,0958489721338 417,8241256796931 619,2132104533946 609,0599313696478 709,7612274561072 845,5820480592052 978,8181649315668 904,9254112908975 396,40887981981433 640,7846752224963 268,1063221932672 620,0459660380027 802,0355353723425 381,9031290785662 725,6783033824286 771,9229236134913 221,75887806353998 323,669584607513 972,4325169388362 911,4120912079234 386,46345234704927 555,533977358721 319,23189063751136 730,8214556237385 285,1596044323249 425,20583250938597 711,2137512731317 970,4473195387785 914,8251198999731 360,86701151532264 751,996010627716 651,2157860494476 0 561,7018782236712 295,7177708559295 425,5690308281372 499,98499977499324 340,34835095824985 267,5892374517331 623,3081100066001 648,4080505360803 447,0727010229992 451,0543204537564 906,0121411990018 467,5232614533741 679,764665159936 875,8361718951782 552,268050859363 239,88538930080756 289,3993780228285 449,4941601400401 685,7120386867946 113,4063490286148 50,96076922496363 852,9343468286407 
591,9366520160751 712,0028089832231 584,8657965721709 552,3513374655664 916,5440524055567 855,7616490588954 719,723558041558 168,57639217873896 555,4277630799527 503,572239107757 283,0017667789373 248,71871662583015 790,9740830141023 822,5448316049406 649,4690138874987 426,27925119573905 294,37561040276415 186,07794065928394 1003,8824632395966 211,00947846009194 424,6610413023545 578,6968118108134 709,454015423128 517,228189487 395,50600501130197 957,8235745689286 289,35272592460575 236,86494041964082 751,1298156776896 451,7842405396629 673,5109501708195 254,9607812978302 521,4757904255958 395,6273499140321 271,53268679847736 429,4659474277326 285,72714256787015 629,8142583333597 636,5736406732532 756,0535695306253 349,412363833909 449,89998888641907 285,8058781760795 484,3397567823645 692,9884558923042 363,4350010662154 378,4402198498463 455,3701790851043 127,09838708654017 399,51595712812275 780,1794665331818 495,1949111208636 627,579477038566 567,8952368174961 470,9575352407051 664,0496969354026 669,5102687786051 429,94185653411324 623,2046212922365 356,0407280073447 768,505042273634 846,8600828944531 603,3837916285123 798,6344595620702 1088,6946311982988 850,7155811433101 401,46357244462416 627,7969416937295 356 451,6159873166582 834,4848710432083 464,281164812875 422,6038333948238 618,7479292894644 1042,0259113860845 674,047476072717 849,4050859277921 721,9535996170391 561,7018782236712 0 438,00456618624423 354,45168923282057 220,20445045457188 627,0964838045259 313,3895339669147 413,03752856126766 399,80495244556437 313,676585036244 253,6631624812716 680,6092858608381 938,3970375059802 358,11311062288684 1007,6685963152767 855,7622333335353 349,38231208806206 592,7098784396967 183,35757415498276 526,2413894782508 449,02115763068446 577,6088641979103 941,9341802907462 
628,9554833213556 351,3915195334116 655,2343092360168 548,6164416056084 513,638978271704 450,7238622482728 602,2640616872303 271,8124353299532 277,5103601669675 70,00714249274856 155,0290295396317 237,03375287076733 392,91729409635303 401,5420276882608 558,4639648177848 188,6001060445089 480,21349418774145 338,6399267658792 616,4186888795634 403,59509412281017 268,0242526339734 676,8116429258587 355 304,7244657063164 248,65437860612872 608,9811162917944 439,3278957680698 228,11619846034608 352,80022675729674 76,32168761236873 346,70592726401435 222,74873737015884 125,4312560727987 462,6499756835614 483,98553697398853 628,9077833832239 559,1565076076644 706,4120610521878 289,15393824051574 318,0770346944274 208,4922060893404 592,7647088010553 467,0171303068015 56,4003546088143 571,472659013535 219,40145851839728 512,7933306898599 123,00406497347964 433,9976958464181 323,5444328063767 456,228013168854 567,8608984601775 695,0165465656196 621,3058827984812 105,32331175955302 366,0191251833707 244,49948875202173 330,1060435678208 506,32005688102066 480,1260251225713 463,34436437707967 524,2022510443846 187,48866632412745 382,8276374558138 751,4572509464527 630,600507453015 95,29428104561154 288,59140666346946 82,02438661763951 446,5344331627741 472,02648230793153 131,24404748406687 430,4811261832509 687,0262003737557 696,552941275823 236,21176939348302 512,2001561889649 393,24928480545265 295,7177708559295 438,00456618624423 0 516,7475205552514 274,2735860413831 189,44656238633627 169,1892431568863 336,3093813737583 365,9781414237741 184,44782460088814 479,35477467111974 610,5481144021329 511,3755958197458 411 658,0486304217949 426,36721262310965 317,6727876290319 156,348968656656 431,522884677047 390,2742625385384 229,5125268912353 342,98688021555574 615,2332890863432 
924,0589808015503 865,6142327850207 924,3592375261903 870,7559933758711 1025,4038228912548 774,1446893184761 1009,0837428082964 345,3259329966401 432,3794629720519 582,8250166216271 418,0071769718793 296,8113879216901 908,0638744053196 905,2734393540992 944,9243355951841 368,95799218881274 639 225,47061892849808 878,1844908673803 158,31929762350515 664,6389997585155 923,3385078074022 868,0144008021987 363,67155511532656 632,4752959602454 1124,3318015603757 84,52810183601665 458,8605452640268 677,7846265592043 474,663038375646 851,3172146738253 479,4757553828973 517,2436563168271 720,8307707083543 619,2915307026248 782,6985371137473 122,58874336577564 972,2355681623667 538,1839834108778 778,6404818656682 312,61637832973497 797,0156836599892 71,25307010929424 530,0235843809216 979,2880066660675 307,33206796558017 719,5449951184429 607,0667179149257 476,14493591762584 671,5303418312534 963,628559145068 830,5769079380909 968,1177614319448 902,8028577712855 605,4890585303751 860,2011392691828 655,5425234109531 697,7119749581485 906,8384641158534 43,73785545725808 964,5911050802822 1032,8097598299505 590,7452919829324 743,6430595386472 1266,0695083604217 1099,6022007980887 547,8987132673337 794,8364611666981 460,9772228646444 760,2506165732456 702,000712250351 617,6900517249732 732,0341522087614 959,1376335020955 1212,0107260251455 714,204452520425 1024,3461329062554 900,2694041230103 425,5690308281372 354,45168923282057 516,7475205552514 0 481,72398736205776 675,5457053375442 350,1042701824701 687,6074461493273 689,840561289346 519,2427178112371 101,65136496870073 985,4263036879014 889,9578641711079 673,4188889539705 1173,7972567696688 918,4165721501328 210,23796041628637 624,7695575170096 172,41809649801846 792,8492921104237 354,400902933387 408,0441152620633 1126,4333091665924 
454,3974031615938 495,21914341026843 463,8642042667229 392,7467377331096 705,1389933906648 723,8024592387069 529,4298820429387 137,7679207943562 487,0010266929629 326,3694225873496 146,21901381147393 221,93918085818015 580,1120581404941 620,3563492058415 463,74561992540697 355,00985901802784 220,60145058453264 256,6028059082753 886,784077439373 324,7845439672276 206,20620747203515 472,5082009870305 491,9400369963803 477,0167711936342 176,02556632489498 737,9566382925219 398,7292314340648 50,20956084253277 623,6104553324936 319,4010018769509 454,1200281863816 51,62363799656123 388,2949909540426 253,2923212416831 217,8072542409917 378,8627719900703 459,6194077712559 514,8980481609927 537,8773094303198 579,9767236708728 302,39874338363245 361,386219991853 412,0594617285229 329,6012742693814 500,2889165272403 321,3113754600045 276,6965847277483 250,12796724876648 166,43316977093238 193,38303958723992 560,0446410778341 368,28250026304534 507,71054745789945 436,83520920365385 271,26555254952666 443,8468204234429 518,7465662536958 221,96396103872357 428,08643986933293 463,8156961552724 548,3885483851756 626,6562055864443 460,41937404935516 656,9786906742105 868,4987046622465 640,3444385641216 206,34194920083507 410,2645487974802 201,6382900145704 280,4514218184675 732,942698988127 257,4975728040946 253,14027731674784 498,7955492985077 821,9026706368583 496,2358310319802 629,4132187998597 502,22405358564816 499,98499977499324 220,20445045457188 274,2735860413831 481,72398736205776 0 449,7199128346442 236,60304309116566 208,88752954640447 208,13937638034758 104,00480758118829 398,5285435197835 503,7072562510888 784,3067002136345 200,5617112013158 787,7169542418139 659,0030348943774 368,8278731332544 427,28561876103436 325,12459150301135 319,53090617340916 393,0928643463272 533,3610409469368 721,7548060110165 
719,7117478546533 262,8345487183905 754,8152091737421 635,4919354327009 355,6754138255834 316,2688729546428 630,6568004866039 461,2548102730203 321,54937412472134 124,67958934805648 344,14531814336806 418,6800687876126 251,76576415390556 230,67292862405853 606,5014427023236 310,16124838541646 635,0787352761861 521,1612034677946 487,7396846679589 581,3441321626976 369,7742554586514 783,5559967226337 272,0606550017845 380,248602890267 365,37788657771836 491,04378623499554 605,2941433716338 408,36870595088453 243,46252278328177 202,5956564193813 294,15132160165456 398,7342473377475 163,3431969810803 589,4005429247584 643,9440969525227 770,2811175148979 734,0149862230335 802,8598881498565 265,34505836740203 130,54118124178285 364,33089355694227 722,4070874513899 635,0787352761861 151,47607071745688 602,6184530861962 368,2458417959394 650,3944956716654 217,81643647805828 614,6641359311603 437,9235093027092 378,4521105767545 679,111183827803 789,3503658072251 718,9248917654751 189,70766985021982 332,74614948936676 116,3872845288522 431,8564576337837 551,4943336064297 635,1322696887634 399,66235749692515 436,3782762695687 121,56479753612885 240,9834019180574 632,3242838923711 598,9098429646987 244,53425117966603 246,5461417260469 271,2231553536681 552,4499977373517 383,0939832469312 216,0671192014185 544,7127683467683 782,4736417285889 574,8077939624688 47,095647357266465 414,16542588680676 325,22146300636433 340,34835095824985 627,0964838045259 189,44656238633627 675,5457053375442 449,7199128346442 0 346,27301367562563 445,70169396133105 482,420977984996 348,93695705671536 653,2786541744648 660,1310475958543 342,5857556875358 544,4382425950624 535,7630073082687 244,24782496472716 466,2552948761011 53,150729063673246 612,8702962291451 454,5283269500373 336,58579886857973 390,6328199217265 513,7256076934457 
676,2248146881332 515,5201256983087 691,7636879744412 605,2974475412894 682,6419266350405 542,6389223046942 703,2901250550871 150,45597362683876 256,7041098229633 238,04621400055913 99,14131328563285 73,55270219373317 562,0756176885811 568,4197392772352 647,8556938084283 122,3315167894194 455,58753275303746 175,3909917869216 691,3298778441447 235,8686074915439 349,0444097819073 704,2648649478405 517,9285665031424 240,50363822611914 319,41195970094793 774,282248279011 270,8394358286843 189,08199279677586 437,9189422712838 148,22280526288793 502,6032232288209 200,50436404228213 213,11499243366245 482,66965929090674 449,5297542988673 614,6543744251724 390,59057848340376 743,4870543593883 325,70692347569155 466,37752947585284 68,73136110975832 597,448742571277 298,0268444284843 194,79733057719247 672,3287886146182 87,47571091451616 512,7884554082707 259,6247291765559 353,42467372836325 379,2967176235513 614,5640731445338 597,2445060442163 734,8829838824682 661,9864046942354 255,82806726393412 514,4171459039833 364,01236242743187 398,1017457886865 601,568782434727 315,635866149587 617,2139013340513 683,5736975630352 296,13679271579883 487,44435579869014 915,965610708175 765,5403320531192 202,64747716169575 445,56705443737644 113,01769772916099 493,28288030297585 524,5035748209921 270,1481075262235 469,75419104037803 726,1542535852833 861,9634563019479 390,3857067055606 674,4138195499852 551,1533361960172 267,5892374517331 313,3895339669147 169,1892431568863 350,1042701824701 236,60304309116566 346,27301367562563 0 395,1822364428847 411,80699362686886 209,0598000573042 310,46094762465697 695,5242626968522 629,9603162104737 428,3409856644587 823,8161202598551 589,4438056337517 164,80594649465777 301,7614952242913 266,6027006614899 482,3992122713303 157,29272074701996 297,5987231155403 776,7219579746668 
292,9453874018159 372,90749523172633 319,3305497443049 214,56001491424257 593,0337258537662 758,0184694319789 321,51205265121865 342,34777639120136 606,5410126281652 349,521100936696 297,0151511286924 408,57924567946424 477,45994596405677 541,4979224336877 258,3060200614767 491,0824777977728 230,17601960239037 462,20882726317546 929,2254839381021 532,2339711066929 75,92759709091287 343,0014577228499 365,3505166275258 618,0428787713681 87,70974860299168 579,5601780660918 603,6828637620915 229,53213282675696 671,1929677819934 408,2364510917662 315,0571376750573 209,80228788075692 460,6831883192613 146,68674105044394 250,68306683938587 332,8618331981004 668,2993341310464 370,25666773199373 625,1415839631851 561,3813320729502 463,52238349404445 278,25527847643787 618,9547640983144 387,76926128820475 291,92636057745796 481,814279572534 214,11445537375565 233,96153530014288 314,79834815322647 16,278820596099706 401,756144943671 235,47823678633233 358,7199464763564 285,0771825313278 262,8402556687236 287,9340202199108 547,5216890681136 21,213203435596427 219,5449840010015 666,7600767892451 380,8411742445924 461,1333863428238 508,01574778740866 683,9042330619105 697,5385294017815 437,70423804208247 241,04978738841484 292,6380016334174 306,11109094575454 110,6752004741803 800,8701517724331 232,72515979154468 99,08582138732059 350,76630396889607 657,1651238463587 484,40066061061475 471,9968220231996 355,0394344294729 623,3081100066001 413,03752856126766 336,3093813737583 687,6074461493273 208,88752954640447 445,70169396133105 395,1822364428847 0 38,62641583165593 186,1316738225926 607,0823667345313 302,52437918290155 785,0203819010052 113 626,9960127464926 591,0439915945343 551,7571929753159 447,84483920215047 533,9850185164374 113,21660655575224 533,8351805566958 666,2191831522116 551,9710137316995 
267,25456029785533 409,9560952102066 289,7999309868793 193,49418595916518 629,9087235465151 793,5263070623431 323,37284981890485 345,1289614042844 632,113913784533 383,344492591194 312,7459032505462 418,74694028732915 515,228104823485 579,937927712958 256,08201811138554 513,078941294612 195,35864454894235 464,5783034107383 964,497796783383 532,8461316365166 113,1591799192624 310,9372927134987 402,12062866756787 640,1663846219981 119,85407794480753 611,020457922646 606,6671245419518 236,4339231159522 705,3906718974954 436,033255612459 351,0911562543266 218,38727069131113 491,0977499439394 108,30050784737807 217,29703173306348 294,2600890368927 663,6655784354044 341,3297525853848 655,1289949315326 599,230339685834 480,5132672465975 240,4703723954367 620,1814250685037 418,79947468925985 295,2033197645311 499,1202259977049 175,5135322418189 268,7042984397533 294,1054232753963 44,598206241955516 434,35008921375857 202,27209397245088 330,6297022349928 256,7041098229633 297,6927946726289 322,1335126931068 582,6559876977152 58,05170109479997 224,11604137142882 671,2056316807838 411,83006204015754 491,8861656928359 541,350163941972 719,7117478546533 725,8897987986882 454,47222137332 270,83020511013905 330,49205739321485 329,5147948120084 82,56512580987206 833,6576035759525 268,1510768205118 64,63745044476924 322,37400639629743 687,0589494359273 521,7202315417718 504,22316487840976 389,7396566940552 648,4080505360803 399,80495244556437 365,9781414237741 689,840561289346 208,13937638034758 482,420977984996 411,80699362686886 38,62641583165593 0 204,57028132160352 605,7532500944588 295,67042462850424 822,5113980973151 76,00657866263946 657,8145635359558 629,6133734284874 564,0567347350797 482,9544491978514 531,5411555091478 132,4009063413087 555,4169604900449 690,0231880161709 581,2297308293855 
471,33215464256205 398,5285435197835 490,7555399585419 397,68454835459727 604,173816049653 634,3035550901477 498,40244782705474 184,66456075814872 431,58429072430334 227,69277546729498 111,44954015158609 228,35936591258962 478,7702998307226 516,7097831471744 440,3237445334966 309,01294471267704 295,80060851864386 298,4292210893565 800,8002247751932 371,1280102606108 146,18481453283715 507,41009055792335 396,31300760888485 436,0045871318328 114,48143954370944 647,7846864506755 434,73670192427966 77,3692445355388 537,2196943523198 243,31872102244824 362,9435217771492 58,82176467941097 306,88760157425713 287,31167745150907 300,30817504690077 445,4862511907635 519,7662936358994 542,6094359666075 465,86800705779314 478,5498929056405 277,4058398808504 413,26625799839985 454,138745319093 240,84019598065436 467,7093114317909 295,7465130817268 331,25518863860833 146,27713423498562 270,31278179176064 170,29386365926402 472,547352124631 398,5285435197835 532,8648984498791 459,1644585548842 167,36188335460378 358,9052799834519 425,5643312120977 189,51780918953236 395,9608566512604 493,71246692786684 465,03010655225324 540,8003328401343 371,6517186829626 564,9247737531077 782,2307843597055 581,0421671445197 104,4030650891055 314,83964172257595 128,50291825480073 286,93204770467867 654,7869882641224 153,9415473483361 265,34694269955327 524,3605629717017 733,3464392768263 394,93923583255184 540,296215052447 412,1795725166399 447,0727010229992 313,676585036244 184,44782460088814 519,2427178112371 104,00480758118829 348,93695705671536 209,0598000573042 186,1316738225926 204,57028132160352 0 449,6576475497776 487,05235858170323 687,258321157336 233,58510226467783 697,9061541496823 555,0081080488825 367,5554379954132 330,57828119826627 382,2316051819891 277,9586300153316 351,0968527343986 487,00821348309927 636,4000314267748 
831,0487350330304 818,6678203032045 829,2315719990405 781,2457999887104 992,9884188649936 793,1235717087218 927,9552790948495 267,36678926149375 453,6353160855094 548,4997721056956 358,50383540486706 244,40130932546168 871,7367721967452 878,4514784551279 861,8149453333934 362,62515081003414 541,6733332923081 151,85519418182574 912,4039675494622 79,2464510246358 591,7989523478392 826,637163452019 819,7804584155443 391,7397095010921 559,580199792666 1077,0631364966493 67,67569726275453 382,4473820017598 692,0440737409721 450,92349683732385 797,6966842102329 403,7078151336682 504,21027359624475 628,7543240407973 521,0614167255143 682,760572968299 80,77747210701756 876,3018886205826 556,0008992798483 766,5363657387691 292,2498930709813 699,3461231750699 42,638011210655684 502,76435832306174 898,7902981229827 293,23369519889764 623,4308301648227 554,2824189887318 377,04774233510534 591,3307027374784 910,0796668424144 736,3810155075971 872,7571254363954 808,9499366462674 557,1086070058512 801,9008666911391 650,9938555777619 618,9450702606815 826,5307011841726 114,0175425099138 907,68111140422 979,3635688547946 583,5589087658589 753,8408320063328 1216,9326193343657 1029,828141002177 494,01619406655084 743,0558525440736 412,8353182565658 672,501301113983 735,4250471666028 564,8451115128819 643,8516909972358 863,8066913378248 1164,5209315422373 695,4315207121402 973,7843703818623 847,2567497518093 451,0543204537564 253,6631624812716 479,35477467111974 101,65136496870073 398,5285435197835 653,2786541744648 310,46094762465697 607,0823667345313 605,7532500944588 449,6576475497776 0 900,0644421373394 900,9173103010065 583,3095233235953 1127,0638846134677 897,4686624055461 213 605,5559429152686 75,50496672405067 715,7129312790149 359,94027282314494 444,6223116308942 1074,264864919262 
158,06960492137634 466,00965655230794 204,65825172711703 136,517398158623 646,5554887246724 972,5764751421865 74,00675644831355 640,7846752224963 887,9893017373577 600,9658892150203 598,4755634109049 711,0668041752476 570,852870711885 656,0678318588712 53,71219600798314 783,3013468646661 409,6852450357469 760,2368052126916 1141,944394443092 828,1473298876233 349,516809323958 245,27739398485136 454,0176208034221 908,6693568069741 377,01193615056803 540,3785710036992 902,3347494139855 530,6995383453805 902,9778513341288 686,5682777408231 403,2517823891173 511,6248625702234 726,2231062146122 289,2334697091607 437,2470697443266 384,16923354167756 955,008376926611 221,19900542271884 887,919478331228 744,452819190041 763,1893605128415 312,8530006248941 915,5861510529744 653,3911539039996 78 781,0774609473762 332,4484922510553 490,43348172815445 561,1889164978226 318,7789202566569 411,76813864115326 226,947130407062 205,7887266105702 182,96447742663054 515,0087377899524 357,2072227713208 775,0954779896474 297,5449545866977 108,6876257906115 966,7864293627626 375,45838650907774 432,4869940240978 753,6424881865406 897,324913283923 605,8456899244229 269,2248131209306 520,4613338183731 426,86766099108513 598,8029726045121 229,4558781116753 1041,2963074936931 484,35730612844065 258,5207922005501 205,19746587129188 588,1742938959505 685,4932530667243 460,9772228646444 408,9498746790369 906,0121411990018 680,6092858608381 610,5481144021329 985,4263036879014 503,7072562510888 660,1310475958543 695,5242626968522 302,52437918290155 295,67042462850424 487,05235858170323 900,0644421373394 0 965,1611264446989 322,53061870154283 573,2756753953546 711,9115113551684 854,0427389773887 681,4822081316577 825,3102446958961 220,30206535572924 826,4048644580936 952,2000840159593 488,2058991859889 
1046,7330127592231 506,15116319139287 1085,223018554251 962,7278950980906 423,6153915995027 130,41855696180662 921,8052939748177 769,9279187040823 458,44628911138545 459,5737155234185 661,3962503673573 701,9287713151527 418,7421641057896 333,2161460673837 913,1993210685168 540,5783939448561 977,2256648287539 798,3032005447554 210,1927686672403 842,7692448114134 709,3729625521402 1116,5558651496126 518,3396569817903 529,1200241911092 707,1421356417676 614,2320408445004 840,0476176979494 739,341598991968 212,5111761766896 486,6210024238576 564,2871609384711 732,6991196937526 417,50688617075525 930,2601786597124 985,3288791058546 1112,472022120107 978,8855908634063 1131,0353663789651 352,48971616204636 225,30423875284725 617,0397069881321 1062,968014570523 871,4413348011443 458,5280798380836 897,6970535765392 611,5112427421102 992,4766999783924 560,3900427380914 945,3533730833143 778,3084221566667 597,448742571277 1015,1300409307174 1116,7367639690206 1049,1005671526443 532,2649716071874 610,1843983583979 269,31951284673005 769,8084177248259 859,5190515631401 846,2458271684417 631,0697267339007 626,447922815616 335,05969617368186 147,10540438746634 724,017264987514 835,374167663808 583,6300197899351 539,0732788777422 590,5294234837075 888,8205668187477 253,71243564319033 558,3994985671101 883,4438295669963 1110,5178971993203 671,2413872818034 300,9269014229203 593,9326561151526 570,8169584026039 467,5232614533741 938,3970375059802 511,3755958197458 889,9578641711079 784,3067002136345 342,5857556875358 629,9603162104737 785,0203819010052 822,5113980973151 687,258321157336 900,9173103010065 965,1611264446989 0 886,4772980736732 639,1908948037354 283,6511942509673 689,4381770688362 357,1134273588715 881,2269855150828 778,6944201675007 541,2882780921826 497,1086400375676 663,5005651843862 
254,03149411047443 485,73346600785084 264,1685068285014 197,9520143873257 705,7733347187325 850,5909710313177 363,8969634388284 336,0729087564185 664,669090600729 437,9063826892684 330,49205739321485 422,0924069442614 590,444747626736 653,6336894622247 292,61749776799064 539,014842096208 120,41594578792295 451,45320909259243 1020,4709696997754 515,1019316601327 181,64801127455263 276,1322147088239 478,00627610942513 664,9887217088723 179,38784797192923 685,0437942204863 592,5622330186088 241,23847122712414 758,8445163536467 475,7331184603401 427,09483724343943 227,8815481779953 536,1510981057486 54,42425929675111 143,8923208513922 226,03539545832197 634,3697659882602 315,6342820417326 697,8660329891404 665,1375797532418 496,42723535277554 181,89282558693733 602,5014522804074 466,1351735280229 338,7535977668724 515,3794718457459 106 327,2445568684069 241,13274352522097 113,3225485064645 509,25926599326596 169,04733065032408 307,77426793024785 236,32604596192948 356,0056179332006 397,85047442475167 639,3066556825448 133,5402561027947 272,34720486907884 659,2799102050661 485,78287330864185 565,5377971453368 593,2630108139223 777,9113059983124 797,2107625966925 513,8248728895868 318,3111685128249 405,6131161587357 362,067673232505 93,74433316206373 882,779700718135 328,3900120283807 65 298,9180489699476 759,7953671877711 585,6833615529811 578,8488576476592 465,56846972276804 679,764665159936 358,11311062288684 411 673,4188889539705 200,5617112013158 544,4382425950624 428,3409856644587 113 76,00657866263946 233,58510226467783 583,3095233235953 322,53061870154283 886,4772980736732 0 731,322774156528 702,4813164775273 569,077323392876 540,0814753349721 507,9183005169237 200,8606482116395 579,9284438618268 718,1566681442149 653,563309863704 
721,2662476506162 308,6227470553653 769,5193304914438 660,4362194792167 217,14741536569116 720,8467243457516 501,32823578968697 877,4793444862391 857,1767612342276 595,503988231817 770,0973964376194 883,3555343122043 284,42925306655786 335,2014319778482 543,3985645914056 831,0054151448112 851,6930198140642 977,5157287737113 849,3574041591678 1048,3725482861519 589,1731494221372 810,3542435256325 307,2930197710322 915,290664215472 615,1788357867979 50,21951811795888 1094,2417465989863 775,0180643056005 713,5769054558871 711,2278116046925 334,96417718914364 755,1138986934355 694,0324199920346 740,146607098891 874,8268400089243 907,434295142078 1203,8554730531403 793,625856433622 790,5453813665602 505,98517764851573 866,0883326774469 835,6518413789322 1120,2932651765786 654,7251331665831 496,85510966477943 875,6443341905434 809,6449839281412 573,3149221850065 933,1634369176709 634,6755076415034 228,25424421026653 753,0059760719034 777,97943417548 740,13039391718 570,190319104069 345,11737133908514 621,7523622793885 606,0379526069304 514,3889578908163 1138,0039542989296 246,16254792311523 165,93974810153233 654,7213147591882 664,669090600729 96,60227740586657 319,22562553780045 633,6031881232922 385,6228727656076 715,0524456289902 665,9737232053529 838,8235809751654 562,8507795144287 682,7547143740569 776,4566955085132 39,11521443121589 517,4243906118072 158,31929762350515 285,91082525850607 875,8361718951782 1007,6685963152767 658,0486304217949 1173,7972567696688 787,7169542418139 535,7630073082687 823,8161202598551 626,9960127464926 657,8145635359558 697,9061541496823 1127,0638846134677 573,2756753953546 639,1908948037354 731,322774156528 0 366,9727510320078 974,9666660968467 587,8069410954587 1068,6103125087275 532,2875162917124 863,967591984792 925,7753507196009 85,15867542417507 
814,8545882548616 246,4731222669117 857,86071130458 733,6245633837515 151,00993344810135 353,9562119810867 660,1946682608093 694,8417085926837 535,571657203777 356,79966367697153 576,3861552813356 661,0370640138116 142,90206436577463 55,86591089385369 662,8401013819246 550,6114782675712 810,8884016928594 763,4408948962584 490,5965756097366 825,0490894486219 521,5093479507342 893,3381218777132 258,25955935840983 602,4964730187223 530,6938853991065 336,0133925902359 849,3209051942616 625,1559805360579 353,02266216207704 446,83106427373644 311,01446911679204 611,3607772829396 401,90794966011805 736,3762625180146 825,4919745218605 923,0492944583187 978,1845429161104 898,9354815558233 450,6939094329987 154,40207252495026 608,276253029822 863,3846188113383 879,2223837005062 395,0012658207566 639,2260945862582 611,522689685346 805,1161406902734 409,04400741240545 825,0606038346516 589,1638142316617 319,90779921721196 801,4168702990972 883,7335571313336 822,2469215509415 388,25249516261965 356,23728047468586 284,2903445423358 572,081287930308 612,2099313144143 877,410964143941 355,287207762959 343,4020966738555 336,68531301498734 299,0685540139585 458,3939353874569 555,474571875257 456,195133687329 305,447213115458 505,26131852735375 680,4851210717248 472,64786046273395 402,24370722237535 682,440473594584 878,6626201221945 402,3493506891741 204,26698215815497 310,57688259109045 304,1742921418574 552,268050859363 855,7622333335353 426,36721262310965 918,4165721501328 659,0030348943774 244,24782496472716 589,4438056337517 591,0439915945343 629,6133734284874 555,0081080488825 897,4686624055461 711,9115113551684 283,6511942509673 702,4813164775273 366,9727510320078 0 708,4666541200087 293,7209560109731 855,7248389523352 553,1554935097364 572,6089415997623 598,4454862391394 381,78135103747536 
822,1587437958682 669,0530621707071 832,6920198969124 756,1692932141585 818,3648330665242 580,1689409129034 865,3611962643114 240,96887765850593 241,19701490690136 379,8644495079791 256,30060475933334 146,98639392814562 703,3775657497188 696,557248185675 807,8527093474404 158,7765725792064 572,081287930308 163,3431969810803 701,655185971001 169,24833824885843 511,27781097951043 840,5629066286473 672,63437319245 183,14202139323461 480,7546151624548 926,1846468172532 150,6154042586614 329,49203328760467 479,50808126662474 267,36678926149375 661,8285276414126 346,0361252817399 307,02605752606735 622,1133337262593 559,8803443593997 729,6608801354229 289,5582842883277 883,6843327795283 343,0014577228499 568,5463921264474 109,20164833920778 724,6254204759863 182,01373574541017 323,6309626719916 834,5208205910743 99,72462083156798 640,7846752224963 421,8269787483963 435,99311921176 535,571657203777 772,7483419587518 737,1037918773719 876,5318020471362 805,3874843825175 414,889141819836 676,4037255958899 446,6587063967297 556,8069683472002 763,1539818411485 168,9644933114647 777,6297319418799 841,1896337925236 381,0774199555781 542,3513621260668 1068,8629472481493 930,1747147713703 366,5474048469038 604,0736710037941 276,5863337187866 643,1990360689294 525,0380938560554 432,1770470536352 617,6811475186854 867,6203086604186 1013,6320831544352 504,20630698157674 829,8246802789129 709,4737486334501 239,88538930080756 349,38231208806206 317,6727876290319 210,23796041628637 368,8278731332544 466,2552948761011 164,80594649465777 551,7571929753159 564,0567347350797 367,5554379954132 213 854,0427389773887 689,4381770688362 569,077323392876 974,9666660968467 708,4666541200087 0 415,0048192491263 211,3764414498456 644,4610151126288 148,29699929533302 240,30813552603666 932,8000857632894 
730,2739212103908 308,1509370422229 762,9554377550501 646,5639952858495 408,72973955903916 310,77483810630486 656,9878233270385 425,0423508310672 270,38676003088614 103,58571330062848 310,4528949776439 374,99066655051564 304,27126055544585 283,0989226401259 627,781012774359 258,00193797721755 623,2335035923534 477,15196740661145 481,5443904771397 535,0756955796068 372,54261501202785 789,6359920874935 316,5469949312424 327,6492026543022 363,5876785591063 542,5946921966708 555,901070335361 382,96213912082743 224,96444163467257 154,95160534825058 333,12159941979144 375,7046712512369 110,39021695784459 587,72272373969 629,9436482733992 764,4004186288754 686,3330095514859 812,200098497901 222,11033294288674 165,21501142450705 314,8841056642904 720,5948931265056 586,0034129593445 109,22453936730518 628,0398076555339 317,80497164141406 645,3433194819638 214,26385602802915 589,4717974593865 438,40848531934233 423,8171775659878 683,1668902984102 799,2552783685572 727,4462179432924 185,26737435393204 368,5986977730659 99,70456358662827 436,033255612459 572,9232060232855 583,9674648471437 442,8148597325975 483,9225144586683 77,02596964660685 237,86130412490385 684,301833988482 638,003134788537 227,86399452304877 281,51376520518494 237,77510382712484 557,0960419891709 360,4941053609615 215,1278689523977 546,6964422785281 792,0101009456887 626,8883473155328 89,96110270555825 463,00971912045213 368,01358670570846 289,3993780228285 592,7098784396967 156,348968656656 624,7695575170096 427,28561876103436 53,150729063673246 301,7614952242913 447,84483920215047 482,9544491978514 330,57828119826627 605,5559429152686 681,4822081316577 357,1134273588715 540,0814753349721 587,8069410954587 293,7209560109731 415,0048192491263 0 567,8952368174961 469,61792981103264 283,59301824974466 340,0132350365203 563,5858408441433 
755,5799097382089 761,246346460855 754,0450914898922 705,8668429668587 943,4177229626333 780,3101947302752 854,2564017904695 197,87369708983556 448,8295890424338 501,48280130030383 298,6000669792289 194,79476378999513 820,3730858578919 833,0186072351565 787,615388371761 341,03665492143216 467,1541501474647 93,02150289046077 910,0549433962765 42,15447781671598 521,8515114474615 751,9108989767338 761,609479983016 394,3513661698156 489,75197804603096 1018,4507842797314 107,78218776773832 312,1297807002722 676,9579012021353 413,2807762284619 736,5955470948762 333,51611655210905 472,826606696366 553,2494916400738 447,0548064835004 610,3646451097901 137,53544997563355 801,3251524818124 545,9029217727269 731,7820713846438 264,31988196123274 625,0391987707651 102,59142264341595 461,39462502287563 825,3029746705146 270,04629232781554 548,4605728764831 495,40488491737744 303,7268509697488 518,3830629949247 848,5587781644829 661,0189104707973 797,6289864341692 733,5536790174255 500,89619683123965 738,2533440493175 622,9028816757874 546,4521937004188 753,1719591169071 172,97687706742772 844,3814303974241 917,6709649978036 554,6927077220323 735,0027210833985 1156,949437097404 960,1400939446285 435,2022518324095 683,2722736947549 359,20467702968455 597,3985269483011 734,1913919408208 505,81913763715977 568,6914805059066 788,670400103871 1105,5541596864443 656,883551323977 913,6722607149677 786,2703097535859 449,4941601400401 183,35757415498276 431,522884677047 172,41809649801846 325,12459150301135 612,8702962291451 266,6027006614899 533,9850185164374 531,5411555091478 382,2316051819891 75,50496672405067 825,3102446958961 881,2269855150828 507,9183005169237 1068,6103125087275 855,7248389523352 211,3764414498456 567,8952368174961 0 643,6163453486868 347,3326935374786 451,6148801800047 1012,9896346952421 
268,03917624108607 314,4932431706602 307,5093494513622 184,1140950606444 528,3455308791775 770,6114455417853 220,95248357961492 449,0345198311595 667,6900478515462 383,46968589446544 388,329756778952 506,1748709685221 424,3229901855425 499,55380090636885 168,7601848778319 564,4289149219767 320,4886893480018 568,317692844416 941,8290715411157 639,5506234849591 133,3604139165742 341,15685541990797 304,54063768239536 689,1190027854406 163,783393541592 487,05646489909157 708,4666541200087 334,2708482652952 693,8832754865907 466,2670908395745 250,14595739287893 313,4405844813336 507,0788893259115 208,6935552430884 344,70277051396033 385,9961139700761 779,0057766152958 352,36912464062453 669,8567010935996 553,6686734862286 548,7631547398204 318,90437438203946 725,3971326108203 433,92280419447883 190,06577808748213 566,1245446012741 279,2579452764057 270,8800472533922 425,6007518790351 127,283148923964 315,03968004046726 249,23081671414553 338,04437578519185 271,4498111990502 296,3258341758275 212,19802072592478 566,3585436805911 97,65244492586962 119,33985084622823 769,69149664005 288,4614358974177 367,14302390213 539,0083487294052 695,2014096648539 596,4176389075025 324,56894491001447 300,50124791754195 248,16325271885037 381,064299036265 137,3644786689776 830,0150601043333 265,31679177918613 150,8509197850646 331,85087012090236 559,7856732714763 485,64390246352315 382,9529997271206 279,6444170728248 685,7120386867946 526,2413894782508 390,2742625385384 792,8492921104237 319,53090617340916 454,5283269500373 482,3992122713303 113,21660655575224 132,4009063413087 277,9586300153316 715,7129312790149 220,30206535572924 778,6944201675007 200,8606482116395 532,2875162917124 553,1554935097364 644,4610151126288 469,61792981103264 643,6163453486868 0 607,5146088778442 732,0013661189438 453,31004842160735 
822,4189929713442 566,4838920922642 841,1658576047889 747,7593195674662 692,2578999188091 434,1658669218482 825,0733300743638 300,0833217624732 106,47065323364932 275,1817581163403 250,10797668207226 202,4080037943164 584,1266985851614 566,3920903402518 776,0837583663248 43,104524124504614 612,7389329885934 276,08150970320344 564,1630969852602 306,67409411295245 477,0335417976392 855,949764881094 572,0428305642856 85,09406559801923 451,0088690923938 816,8096473475323 298,8795744108319 344,53591975293375 332,2167966855379 158,59697348940804 571,1996148458085 353,8375333398084 173,24260445975753 634,3413907353043 606,8162819173526 771,6793375489589 437,5979890264579 893,0274351888636 198,57995870681412 427,2154023440634 100,60318086422517 752,6606140884483 330,28018408617856 212,42645786248002 794,0510059183856 85,58621384311844 668,1624054075476 350,7278146939589 506,3852288525012 518,737891424947 677,2326040586056 747,8194969375966 883,6220911679382 810,0598743302868 334,83279409281283 593,8972975186872 301,582492860577 533,1885220069914 726,1762871369458 311,4113035841827 687,8517282089215 743,2953652485666 238,40302011509837 394,18396720313217 959,7020370927635 860,035464385045 308,0405817420815 513,2767284808459 228,25424421026653 637,9130034730441 389,9089637338439 359,70682506730395 616,3651515132892 875,0502842694242 903,0404199148563 369,52943049234926 727,6022264946693 615,5038586394077 113,4063490286148 449,02115763068446 229,5125268912353 354,400902933387 393,0928643463272 336,58579886857973 157,29272074701996 533,8351805566958 555,4169604900449 351,0968527343986 359,94027282314494 826,4048644580936 541,2882780921826 579,9284438618268 863,967591984792 572,6089415997623 148,29699929533302 283,59301824974466 347,3326935374786 607,5146088778442 0 140,356688476182 830,5395836442716 
957,2653759538157 645,8266021154594 977,7627524098062 880,7655760757228 734,7414511241352 373,3630940518894 945,2375362838698 437,3213921133975 70,3420215802759 370,06080581439585 389,59722791621607 337,2906758272455 641,3548159950153 605,2602745926747 900,6320003197754 179,3376703316958 753,0956114597933 396,02146406476504 470,61236702832196 409,46428415675035 605,0198343856175 993,769591001858 653,333758503263 60,440052945046304 581,1376773192391 881,5815333819102 377,54602368453044 484,60396201434423 287,1167010119753 266,6777081047458 662,323938869795 493,3284909672256 244,55878638887626 772,4927184122838 747,0595692446486 912,0224777931737 513,7548053303249 1029,6144909625154 152,6106156202772 444,3973447265409 237,43841306747314 892,3284148787374 407,2210701817871 308,58548248418947 914,4577628299735 220,04772209682153 807,9412107325631 465,67155807500205 643,7716986634315 651,6417727555531 760,7207109051258 885,2129687256056 1019,7725236541726 945,985729279253 445,01797716496804 691,330601087497 314,2292157008956 663,8328102768046 848,999411071645 365,0054794109261 776,6028586092121 822,8268347592949 271,189970316013 357 1022,3776210383323 961,8258678159992 431,8761396511736 606,2482989666858 360,5551275463989 772,5729738995534 294,0425139329345 473,34237080574144 752,1183417521474 1011,30460297578 964,7269043620583 409,88291010970437 802,7857746622071 702,1573897638619 50,96076922496363 577,6088641979103 342,98688021555574 408,0441152620633 533,3610409469368 390,6328199217265 297,5987231155403 666,2191831522116 690,0231880161709 487,00821348309927 444,6223116308942 952,2000840159593 497,1086400375676 718,1566681442149 925,7753507196009 598,4454862391394 240,30813552603666 340,0132350365203 451,6148801800047 732,0013661189438 140,356688476182 0 903,5972554185853 
636,2020119427476 264,61292485439935 684,4589103810396 576,086799015565 243,1810025474852 732,2731730713614 416,45407910116575 818,8491924646443 833,8465086573187 557,0466766797914 715,8281916773046 832,4235700651442 271,5879231482873 340,05293705539435 458,31212072123947 795,121374382553 773,654315569945 923,3228037907436 872,0481638074815 995,1406935705122 519,4121677434982 725,3151039375921 260,2786967848118 887,8203647134932 546,9963436806502 60,81118318204309 1045,229639839973 712,7222460397879 712,7327689955051 674,2647847841381 276,58814146669414 692,2607890094599 665,0451112518608 659,9310570051996 797,4020316001207 824,5659464227225 1149,4694428300388 708,4758288043425 775,9600505180663 505,0990001969911 823,6000242836325 752,4692684754641 1070,1070039953947 618,5959909343093 411,7049914684057 834,5495791143867 728,7996981338563 520,4786258819856 861,9756377067741 560,6291109102344 164,43843832875572 669,215959164155 692,8260965061868 655,2289676136121 520,9731279058451 278,18339274658365 610,2753476915154 531,2946451828777 430,04185842775814 1092,2934587371656 173,6663467687393 95,60334722173695 635,0307079189163 670,3946598832661 146,86047800548656 237,67414667986083 580,538543078752 331,80265218952064 665,5463920719577 585,1367361566013 844,1474989597493 509,86370727871974 602,9610269329188 691,2980543875412 106,70520137275409 502,5733777270738 103,1746092796091 227,00881040171106 852,9343468286407 941,9341802907462 615,2332890863432 1126,4333091665924 721,7548060110165 513,7256076934457 776,7219579746668 551,9710137316995 581,2297308293855 636,4000314267748 1074,264864919262 488,2058991859889 663,5005651843862 653,563309863704 85,15867542417507 381,78135103747536 932,8000857632894 563,5858408441433 1012,9896346952421 453,31004842160735 830,5395836442716 903,5972554185853 0 

Coordinates
x y
774 63
286 358
822 58
718 126
66 367
122 868
545 31
777 653
462 906
441 606
661 629
719 736
186 404
136 476
597 81
559 813
888 341
817 766
10 998
861 824
600 381
863 57
293 348
527 936
616 409
99 179
851 904
720 553
224 844
499 708
343 326
707 536
433 734
789 266
907 361
964 201
990 912
839 9
359 881
188 639
636 795
893 183
882 909
461 666
547 62
630 813
860 261
505 509
921 505
661 348
266 244
811 153
824 14
795 82
484 529
373 291
282 730
637 329
572 130
845 972
294 220
218 194
350 736
165 806
14 64
350 21
551 548
369 378
588 630
718 239
186 979
498 501
731 265
824 23
37 117
270 622
199 222
305 294
466 925
944 630
506 632
888 980
755 517
317 619
646 727
658 332
694 318
651 518
915 882
619 32
19 788
770 317
58 150
96 515
702 882
352 659
900 808
581 249
556 856
480 974
142 136
